id,is_laugh
rfdjcfsqq,0.5
tsgqmfpef,0.5
owjcthkz2,0.5
rvgaocjyy,0.5
uxtwu5i69,0.5
obakrevy2,0.5
ufysgofeg,0.5
owbo0cjz8,0.5
gnjxzlvgb,0.5
fbfb83wbu,0.5
m8vrg4kvc,0.5
t69mmmvst,0.5
ulzx4ghj6,0.5
gx35spy3j,0.5
9fwih2taf,0.5
sidpzsisx,0.5
3ann0fdx1,0.5
sfujns9rr,0.5
1ngqnkllc,0.5
kaofmroja,0.5
qxt2taykk,0.5
5amuruxbp,0.5
a3ugm9hfq,0.5
mc6bur4x9,0.5
eh3ptagjw,0.5
fqg6xuosa,0.5
khrammagz,0.5
fkxgihn9v,0.5
gz2svzmhm,0.5
s0wibeuge,0.5
47wjy0eln,0.5
gplq76qnf,0.5
zewwvpdoi,0.5
s9kffulza,0.5
mefjs6av9,0.5
iod7bk8wv,0.5
lw5za88fy,0.5
zdnm1gsbr,0.5
7rn14dqc5,0.5
jgh7zghsu,0.5
3fn2cbmck,0.5
8z9yt1qg1,0.5
jnfsrpvyp,0.5
n5ck8mvov,0.5
v1nlp4yue,0.5
y0ytszwbz,0.5
896tkhmiu,0.5
ggmyvs3we,0.5
cnqhq1qmz,0.5
orczju1hi,0.5
gy2bzmucs,0.5
0z2noehez,0.5
jxxnnssjk,0.5
sy8giuwtv,0.5
uvgnqnel9,0.5
fapp6ih6m,0.5
b2c6k843g,0.5
ojpz1wngc,0.5
7bg0k9mq0,0.5
rm58i1db6,0.5
n7anajnhz,0.5
ipb2mpmg4,0.5
673j84ob7,0.5
hjntbi8f3,0.5
dgem2isnj,0.5
c8lwgpnwm,0.5
sbtomjzgz,0.5
qnlnkdymr,0.5
ebqxfu7id,0.5
stk3ctlxp,0.5
wlf2sbkqp,0.5
hbyqyasiw,0.5
hggxvdgbh,0.5
wfseocihg,0.5
0d8rb2zs5,0.5
hwj1tixw6,0.5
qubqui1ru,0.5
et19vepal,0.5
hllf53g31,0.5
jge6ykrr8,0.5
cjelb3exo,0.5
3gl7s1p9x,0.5
vh7dil0e4,0.5
kicoltvbv,0.5
tuhpunei8,0.5
pxyamxf3a,0.5
kr8iht5yt,0.5
pdmxywhyk,0.5
olp7tvidk,0.5
hdlkmr1uu,0.5
jmvgz1k1y,0.5
bqh11vyxe,0.5
z3osw03en,0.5
0lhr7oyjs,0.5
zmgtx6qsd,0.5
edsfrvpaw,0.5
rrmfo6abf,0.5
izk9cuqo4,0.5
keudcukm3,0.5
qoz7izazb,0.5
qojxheml7,0.5
opkvjmi6b,0.5
6ca4gfefq,0.5
2um0ji4u3,0.5
jzcvr49db,0.5
mnnr6qc05,0.5
fwsdshocq,0.5
ghws0cd9b,0.5
jipnrmzdb,0.5
jtrpli5fr,0.5
dpirw75s4,0.5
figczgft9,0.5
yfdsgue73,0.5
kx0jlxwd6,0.5
djmzmy1h1,0.5
r1nxs7vqd,0.5
amzsmnvuo,0.5
8pxr2kfmn,0.5
futlmcuxp,0.5
wrtahtef8,0.5
e7ka6ycro,0.5
g0vuysnp6,0.5
kynddzsn7,0.5
hxbumorux,0.5
eailyfhg2,0.5
ajxbosyqn,0.5
n1plptxfv,0.5
bcs7lxivz,0.5
cabzwhjyo,0.5
infjyiksf,0.5
lgt2xkxmz,0.5
unygwlice,0.5
84xqcwijm,0.5
tgfjmhlas,0.5
xvsvwryh2,0.5
e7ozh5stk,0.5
izkdb7j2d,0.5
phjnfqe3w,0.5
7tpxfphkh,0.5
x1em3pjl8,0.5
dn2j2prsi,0.5
obnosi2w7,0.5
i7typ7hkh,0.5
vmrrfqrw6,0.5
j7sfvzjie,0.5
iufqtkdur,0.5
c0kcfenv7,0.5
s1rgfgvxw,0.5
u1wgcwc0g,0.5
kqrfkhzf6,0.5
xf3oi1z15,0.5
dlwattumm,0.5
h1kyhyt57,0.5
ebyhl1cuz,0.5
l5noahe7l,0.5
dnw4oj0pg,0.5
csaaj8jkn,0.5
yj6yutxnp,0.5
gd4lz2jjo,0.5
33ysqo7lg,0.5
fonju8klo,0.5
2y6ecmvbv,0.5
pot3bzbjf,0.5
c0jaycpqu,0.5
eavu0pcse,0.5
kxibcvnbi,0.5
mix36mdtm,0.5
n7ytaa3cg,0.5
iqzh0ho2f,0.5
hrjwghfyc,0.5
gngcpsddc,0.5
vjb41ukxi,0.5
jrr3qvaj7,0.5
pa96jsr52,0.5
44qmalzw9,0.5
l26dybngl,0.5
0n0kzfoug,0.5
395pdyfiq,0.5
vm9e5rjkr,0.5
onq29lio9,0.5
kpgvy7qjn,0.5
tzw8cvb0d,0.5
cxutxdcqs,0.5
xxjbg8jzi,0.5
hsv70fh4q,0.5
losvqpvfn,0.5
kulr4fkao,0.5
ilplcbz4s,0.5
qdmlg6yie,0.5
v0d9rppe8,0.5
ssjvi3yph,0.5
8fj9oh3ax,0.5
xhi22clmb,0.5
y5u84c4e1,0.5
3zdmr8pa0,0.5
ohinczq5g,0.5
b43vvxxq2,0.5
skcnlguvc,0.5
cjapogdpk,0.5
ml9yq32sz,0.5
ovrpt94d6,0.5
rzbxxcx6l,0.5
4mytzj67o,0.5
o24uubjok,0.5
hqkg4ynyg,0.5
7dwkjg7cs,0.5
91yk7glnv,0.5
unvzm4p9r,0.5
aephoxp7j,0.5
6k3enjnm3,0.5
fimbqzq3a,0.5
qdrvgqh7g,0.5
oghauh7ta,0.5
zlknrrddb,0.5
gbwn7rx8d,0.5
uoezurxzs,0.5
ia5aqsqit,0.5
tq90raxty,0.5
6dugru8qv,0.5
0z2sxfkfv,0.5
9aibatte2,0.5
2fxktukku,0.5
0hexfzndp,0.5
syanyib5f,0.5
mbnhziasi,0.5
ohbyvtrdr,0.5
g0oqfulgw,0.5
mjrcqh6gc,0.5
wcpyh9btv,0.5
qoab9koe0,0.5
fgmpnto4e,0.5
t8s5xbc7z,0.5
d3fhnfn4s,0.5
nvotiyolf,0.5
6qdehiyq5,0.5
vndwchmjl,0.5
06laejtgn,0.5
kyo9vfvsb,0.5
wmr67vanc,0.5
9219d9ry0,0.5
txc8evwah,0.5
m2imbxfmy,0.5
wisvceljb,0.5
8jbqzbfjs,0.5
scf8c3ooi,0.5
tydjeg1lt,0.5
hjujqnvk1,0.5
ge8b94owl,0.5
lxdwcallh,0.5
xpekfairy,0.5
b4vzwl5lx,0.5
hs6vamuvh,0.5
0unjsem87,0.5
qsfehoum0,0.5
nnkh4bhoh,0.5
wsqtt2k2p,0.5
usxpe0xou,0.5
o5envcqw1,0.5
ypukya8zu,0.5
vqlglzd0a,0.5
lavaknyzi,0.5
yosbvectt,0.5
ft2hunlfv,0.5
8ndzuhy5m,0.5
mnmcg0imq,0.5
c8egvvqbo,0.5
kajeixis1,0.5
y45bfuok2,0.5
0hkkdauac,0.5
qsudn67m2,0.5
idp87z5u4,0.5
qysevywxx,0.5
pq2lyb874,0.5
nanan1q6c,0.5
i2alozmu4,0.5
zhauphxsc,0.5
feu3fu6bg,0.5
ipo4xakdw,0.5
evxfpaqpc,0.5
hovdexpkk,0.5
iqjqljfgu,0.5
3emetbnbg,0.5
mjbd2klv0,0.5
becmzwdbx,0.5
fiol08u8o,0.5
fwhi0kkuf,0.5
wxfshynyf,0.5
gufug5fvd,0.5
mwzdvaebe,0.5
hhevmygay,0.5
b05yoktvx,0.5
f7fxlzwef,0.5
sd2skkv0z,0.5
yvei6q4xm,0.5
5mibf91yc,0.5
w2fjfecwo,0.5
vrmueleei,0.5
ml9mipa2t,0.5
lusnvdzew,0.5
i4wrwkjfd,0.5
7vhe2z1xu,0.5
d4thidnwt,0.5
uew5k3c7o,0.5
xgmadezjk,0.5
1qt70bp7d,0.5
mtja9d9rz,0.5
ybkbhlgwn,0.5
widig5pok,0.5
miohfypyq,0.5
qo1myylwe,0.5
pvs7zl8xe,0.5
npg8jblkb,0.5
6v4eoipvz,0.5
gqzaf69ki,0.5
btb9zeggw,0.5
iymfer0rz,0.5
h8xfxvkyk,0.5
kvm0c1ium,0.5
negja3rcb,0.5
aon0bfkzx,0.5
xli2w99zs,0.5
o7ng0aiy4,0.5
hb3ubabqt,0.5
twz7hab2r,0.5
d7lxctswd,0.5
iyiggrho6,0.5
jl5dl1sj7,0.5
cbwi290js,0.5
9rluiibfm,0.5
syajid8bx,0.5
kql0gtzei,0.5
wsx8xd1ru,0.5
miilo84nr,0.5
iqovjskpc,0.5
m5gk5zgct,0.5
o3kbcmsnx,0.5
ekbnytnhn,0.5
70umcbbzg,0.5
hv0wzaukr,0.5
8po9vna7v,0.5
cxcgh6ook,0.5
dv5xhrvtr,0.5
66nkw1sai,0.5
svk86cmic,0.5
2uek0nxhx,0.5
i65papeoe,0.5
wor4ekciv,0.5
i5gzvrbl9,0.5
m11fclvay,0.5
uttrksb21,0.5
9m40adq6p,0.5
emihmyxxo,0.5
q7i2oawwp,0.5
ycikatrau,0.5
kyhitfb32,0.5
es79mofed,0.5
vgzqbws2q,0.5
41sri1skw,0.5
ps2ic0b2e,0.5
xqwjzg0zz,0.5
gbe1f6zd7,0.5
hzn2azlxy,0.5
4ud74xh8k,0.5
xcz6jlsiz,0.5
hxiz0wcdq,0.5
arw6a2jbu,0.5
lbvwrkicn,0.5
fmswwmaqg,0.5
iwbhveqfn,0.5
pesznzwrd,0.5
5bqzqk5mg,0.5
kyknljvek,0.5
i23bnqsrp,0.5
82logpn2h,0.5
gqceahbpz,0.5
uejq30msa,0.5
lfqlz92ld,0.5
ezb2eoizi,0.5
vh5fhuf9u,0.5
llgziaz63,0.5
j49yvt4pp,0.5
i6w3z5olw,0.5
irkdaqdrm,0.5
vht8x8k5j,0.5
qd0jqjoff,0.5
gpfkuhgqr,0.5
tv3uruqbq,0.5
ub9dgbgjm,0.5
u7hkg72hh,0.5
tslmcm7s2,0.5
chvrter4o,0.5
jmgbi6ex4,0.5
3sh99yjtt,0.5
yppms5vjv,0.5
6kbhvesd6,0.5
juuyysdyz,0.5
y5vn6fqiz,0.5
aprwfsa5l,0.5
0evfqidyc,0.5
fuomn751f,0.5
82nbtntmh,0.5
3ai39gxci,0.5
1w9zdk0t8,0.5
bekx09uze,0.5
txowk0z1g,0.5
idqxur75i,0.5
i4wosl7kf,0.5
fg6ysnfwb,0.5
vfafy6iya,0.5
29zfy4gc5,0.5
hw8rzfwka,0.5
sdllgy0cr,0.5
az3a6k8ur,0.5
rqsbzomn4,0.5
ij4mmradb,0.5
aayqcyjus,0.5
irfox5pvv,0.5
ryqedwznz,0.5
pnur7iitb,0.5
y9iewslng,0.5
9cbjkeppf,0.5
d8ulw89qk,0.5
mlpezy1ge,0.5
efqj4qfsy,0.5
e6585tbqs,0.5
zd5fwjpzs,0.5
ldffaoon7,0.5
khdrm1tm4,0.5
adhtdpe7k,0.5
c8edbg0ee,0.5
beetexcfb,0.5
1swuua51p,0.5
p5at8lbiz,0.5
5rhp9jmof,0.5
i2y5zq5sg,0.5
kn34hfwgw,0.5
0feue9au3,0.5
pqttyunrd,0.5
ve0dsr9yn,0.5
pfisulh1a,0.5
adwxoccd7,0.5
gnkfwwejs,0.5
03lpv0o6j,0.5
5beonbc5b,0.5
i95fkypzg,0.5
n0lfihpgo,0.5
93980zb47,0.5
gd9ewtgvp,0.5
wqnknfrv1,0.5
fljb9crvo,0.5
fcrkj8t9x,0.5
irborev0e,0.5
zorlwrtja,0.5
cpzlnv1lp,0.5
85nxntdir,0.5
7fq7d95nd,0.5
gfxobduaq,0.5
dvpjoxdsa,0.5
xx4iu6t6b,0.5
ox5xyf11z,0.5
zoctjs8st,0.5
slbj2qbd2,0.5
ddmobei4j,0.5
wnr7lisqh,0.5
3p7q4cdlc,0.5
kocwmtkih,0.5
wefduznti,0.5
q43nvhjyz,0.5
k6hzzlqdn,0.5
bu1gjfxk3,0.5
6wkgxcdir,0.5
oatiluw6q,0.5
4vprhfhlk,0.5
m6fcqkz17,0.5
gmlwmy1g1,0.5
d0b4tz5ub,0.5
xjsptvllu,0.5
pvkyrfhf9,0.5
oskiniswn,0.5
jkrwydvet,0.5
ph6xfehvy,0.5
dc4eztcen,0.5
nlhaf1xi8,0.5
zj6wds3ju,0.5
wpqn5bwph,0.5
n75hnemsn,0.5
bdxsminf9,0.5
oz1aueush,0.5
x9cvotpjk,0.5
miipzyv1x,0.5
9sqg7uoyd,0.5
zhwikp2lx,0.5
wjbzbrhpj,0.5
hms8mqfg5,0.5
n7lh8v4bh,0.5
1jhdd639k,0.5
cuzhvmgak,0.5
9kz3lxmzk,0.5
z7xauxjtx,0.5
ivrjsmbny,0.5
j9nrinqah,0.5
binnpssc6,0.5
8dztobd4p,0.5
nlzlbedm1,0.5
6zmqcdfkd,0.5
lqpamorwb,0.5
hckhy8gkd,0.5
uwgoiv2rc,0.5
knenndj2m,0.5
9b35dzjdn,0.5
zpeolgbnj,0.5
qrxzeribt,0.5
enpbfcvjx,0.5
akis6bncu,0.5
z7jsbw0ac,0.5
8xuup2quu,0.5
6m3nfaykl,0.5
8huvxnxdm,0.5
p94etavph,0.5
g8qfjcbk1,0.5
b8nukuwhp,0.5
yqvrwsu1j,0.5
eve8ylqpc,0.5
7jjat2s3i,0.5
ceaqbijsy,0.5
wgta4rajy,0.5
urili1mdz,0.5
dl9evnr5u,0.5
u7c623sax,0.5
t2z8cqdd4,0.5
bp2htc96t,0.5
oym184dvh,0.5
bntyocbid,0.5
pawqatbx7,0.5
hedfkdsvv,0.5
cbjuu7azw,0.5
rnj4t012p,0.5
z2cyqgtnm,0.5
fpxlahgk4,0.5
hwgzssn8i,0.5
lksessuig,0.5
u47lar9j5,0.5
6mfex0dwo,0.5
cuadacjqq,0.5
9yabpftgd,0.5
yyf5jglbh,0.5
wvuawqum5,0.5
vpcvrawhj,0.5
inimaw1tt,0.5
vg8vbjrmp,0.5
2ia6dyikz,0.5
graligxst,0.5
mjqldvpcw,0.5
kjfcs6x90,0.5
tpwie4zt6,0.5
lsbxnoopm,0.5
g3lmau9f2,0.5
eawgmhjpc,0.5
muqhgjjgl,0.5
bmhfwwhkd,0.5
umrul3ril,0.5
hu6yf5tsw,0.5
armcoj1xo,0.5
sgssw7v39,0.5
lnh4tzzdc,0.5
byu4iqlyu,0.5
qwtlwii6k,0.5
yhs46ipac,0.5
frjstkboj,0.5
fuc9pbmzz,0.5
mxiccincl,0.5
8clvhg8ez,0.5
ewj675goa,0.5
bbcv7wi5t,0.5
4fpqqcge6,0.5
70x9ubbpa,0.5
ftq5qoblt,0.5
97hcfj0au,0.5
mgclkaphz,0.5
kdxjrcvos,0.5
udwfbdccz,0.5
lxkxixvjh,0.5
s9xij9ree,0.5
lqk72cey1,0.5
ohnfgvp8z,0.5
neogixqrm,0.5
thkwxgw51,0.5
eawkw5rcg,0.5
wdwgw3lw9,0.5
rbevogmjc,0.5
0dnfa0yke,0.5
e4k9zgsu7,0.5
cbw7remxv,0.5
9xzbrusgs,0.5
ygyla2nrk,0.5
snpod3lom,0.5
rjfqmk9pn,0.5
skm7cyl1p,0.5
wicl5xs6b,0.5
sog7mict7,0.5
dr7ezobyu,0.5
ian9xjotu,0.5
evayjnl8c,0.5
xk9xtbtwf,0.5
v17sgqnpm,0.5
uqtfsl3s3,0.5
zbathzwbf,0.5
crebscm0g,0.5
qtuy2btfz,0.5
ybyb0dxtb,0.5
knwsczm2i,0.5
jeosacjzh,0.5
lagi5lptu,0.5
drsgcz0qi,0.5
434hwk6my,0.5
v5nw5icqu,0.5
1xcscpwz9,0.5
ncssvaumo,0.5
5dsto0fml,0.5
ccmyadqra,0.5
b6ilpwtfs,0.5
ninld7piy,0.5
rplvb1a0g,0.5
nhpo0xcjh,0.5
cqwhpatkp,0.5
h9tqgciqu,0.5
jariqwwfw,0.5
jczpdqiov,0.5
xnkmcmatl,0.5
aol8rt2km,0.5
qdinfydqa,0.5
mdifcxxls,0.5
5ymd1n67d,0.5
yhcugurmu,0.5
edff2pil0,0.5
4vgx80cmi,0.5
b3ztif9z6,0.5
qn9qmh1nd,0.5
nrolsgsne,0.5
tia1wt0rj,0.5
uevdcnuba,0.5
xt6pkvyqh,0.5
dqdscrmre,0.5
f78edkujn,0.5
p55jxck1y,0.5
2kddbxvgk,0.5
d7ljqq2gj,0.5
kw6bqnjza,0.5
6rg5zl36r,0.5
ucdd0fgep,0.5
4egumq2ri,0.5
uae200skt,0.5
ltakrywmd,0.5
gkve1xqtv,0.5
duovxsb4z,0.5
wscjn6ce3,0.5
aq5chstja,0.5
nqrdcm2bm,0.5
yuycl85it,0.5
zamtxr0wv,0.5
tlgvgicbv,0.5
ygvlvsz8h,0.5
wvlac7ubd,0.5
f2cn16qmb,0.5
9zpzesz3o,0.5
1gbzfqrrm,0.5
3rqktmuiz,0.5
ivdkw94jo,0.5
m4mamxrzy,0.5
i0wqtq01x,0.5
ckcshpbdp,0.5
ypxovfafb,0.5
lepz21jr7,0.5
9zoqijzmv,0.5
hbsm5kbr9,0.5
fk6oiocjo,0.5
znxwja6dk,0.5
nakzazun6,0.5
xlob6r36s,0.5
cz16aggv8,0.5
hni48j1eo,0.5
roeh3js4e,0.5
1mb9b7w3l,0.5
il5ymbce8,0.5
mrvqcbgtu,0.5
r7loxwbzp,0.5
3azujdsyd,0.5
hq3v124pi,0.5
sgmnekiof,0.5
vusc33fop,0.5
dvvettzof,0.5
kpubl1hkq,0.5
ndrre7qvn,0.5
sxpjne0pp,0.5
qq80oxmnb,0.5
jgkshht3g,0.5
7cv8ojcte,0.5
faatgksn3,0.5
cjlajj2wi,0.5
9zdw5d9w1,0.5
4wyw066kq,0.5
lneksflud,0.5
q7u8amgre,0.5
uz2meqliy,0.5
get8cff9g,0.5
xixlypc5n,0.5
vbohianj8,0.5
xnytmelga,0.5
h6eobfmrs,0.5
pd19llwhq,0.5
7qjvdgc7d,0.5
0yltrdgmb,0.5
smtbemsvt,0.5
zlcezqx9l,0.5
zltewwyxz,0.5
hz9bkbpog,0.5
ezma80oxq,0.5
scipmqzgc,0.5
zyaheqnni,0.5
eixlhotqp,0.5
antqf5xhh,0.5
0xnqc3chr,0.5
xivcdxsck,0.5
eiglg2tcl,0.5
4e47rdhua,0.5
8qiinkd5o,0.5
4llloswjy,0.5
rm1bplkor,0.5
kvhukouxv,0.5
cpmau6mbs,0.5
owco92aca,0.5
gcmlbl2od,0.5
25psbjpto,0.5
o9fle24n1,0.5
ywhiuivry,0.5
j6cuaeoa0,0.5
uz8kuj3kk,0.5
1rxa25q9j,0.5
9xmsfkhgv,0.5
wkqyomjcp,0.5
x6pdw2aav,0.5
acub1cwgo,0.5
nnxywaxwl,0.5
vi9gluska,0.5
f0wppwzdz,0.5
zjiqsuvx6,0.5
kxbj3276b,0.5
mqgjwvzdc,0.5
yyrpwb7ae,0.5
pbnxbutjd,0.5
zyery8fkv,0.5
oubgsokla,0.5
g84ezx82d,0.5
avjk3xmoo,0.5
lpkkmgzaq,0.5
rj5bekkke,0.5
yarmpaw7b,0.5
7j3yrtmrp,0.5
z2ce5tvwk,0.5
mpiayujaf,0.5
cgjinnxoc,0.5
kzvd2c5is,0.5
tsr2hd8qd,0.5
ivuvcreoi,0.5
cnq8zzpkg,0.5
mwfwidsrp,0.5
m8dausuzq,0.5
vyd5yipbi,0.5
h7sdd68al,0.5
7hbp3usst,0.5
boovmabsb,0.5
bscincpuo,0.5
odmxqtnyc,0.5
gykdusbp1,0.5
pzfkvyq3h,0.5
u6a6cs4b0,0.5
trd2tavj2,0.5
upw7tjyob,0.5
zld6tpww9,0.5
v6nuizpfu,0.5
b85ilfdtd,0.5
dkoouiaiz,0.5
6hecag56b,0.5
albju93zm,0.5
txqva5gvw,0.5
6i07akpgp,0.5
jzwpqx8zc,0.5
piya9plmf,0.5
uob9yrbmq,0.5
gmjfc5jfg,0.5
ap2vgcqmw,0.5
pd18dsiyz,0.5
so24hvgau,0.5
uab0zvugz,0.5
xr3qxsbx2,0.5
0uhhp6xoy,0.5
broe6y0e4,0.5
to0gdxyj6,0.5
kukctp1xe,0.5
r0gnpyzvo,0.5
2kdcqmi8i,0.5
eojvniyme,0.5
le2w0mrvg,0.5
lemccjejo,0.5
sg3ezawim,0.5
ujex7udnx,0.5
b1cz3ky7f,0.5
wvpxwdbbp,0.5
l3iwrb134,0.5
9upyptirr,0.5
fpx6qlyhw,0.5
8ffsxjx0c,0.5
itzgqdcgi,0.5
697q21sej,0.5
sobkok274,0.5
scfikqn6l,0.5
7fr52pytt,0.5
bzmklt4f6,0.5
zaxu0uqx9,0.5
brhryaxyi,0.5
yitejiaz4,0.5
ta03rnh3d,0.5
tpjkkunxs,0.5
kxrdhhpad,0.5
1lvvwub4p,0.5
h8zorpwkd,0.5
vt7jpiavx,0.5
9thlwsunv,0.5
xli1cs0ku,0.5
lccouyql9,0.5
fl5aseoq4,0.5
6yreljlob,0.5
cxubp4xxr,0.5
8fjnth8km,0.5
cytkpd4ye,0.5
julf6sysc,0.5
0a6cex0ns,0.5
vvaqpxltu,0.5
miiqpxu0f,0.5
ueowxok3y,0.5
fm98cppjl,0.5
stgm4tc6q,0.5
a3ytd8w9g,0.5
vfnltq9wi,0.5
lmebxcqvv,0.5
icxl9js4b,0.5
ucdxl7lp0,0.5
dh9w87ryi,0.5
pwsia8orm,0.5
fs3lhweaw,0.5
edeoelorl,0.5
0ykkdrobx,0.5
16skbxiel,0.5
yu3yxyawj,0.5
mnrqjkvzq,0.5
jao8bb1uo,0.5
ggbuvyhf1,0.5
zwrc61nqf,0.5
njmkzntea,0.5
accn9gckt,0.5
am0wzqhzn,0.5
sj3oztlwz,0.5
cvylqg7w8,0.5
a4ksytut1,0.5
nhmz3m2ak,0.5
uwetqhv0b,0.5
l86ks8n77,0.5
uqdp3fspx,0.5
2mepbtmsv,0.5
hgjstfbmc,0.5
7w3xn41ha,0.5
8udhwkhg4,0.5
rbvy3efhu,0.5
1cxellpkg,0.5
axsr0ky0k,0.5
htqvnmcgw,0.5
ymdj5tr6h,0.5
zdfpb24e1,0.5
glkuwjhnq,0.5
dtoxunnbc,0.5
fwya4b1w2,0.5
a05y6ggpf,0.5
csjshs3dk,0.5
bltba70r9,0.5
y1jqvrb9y,0.5
v2xx8qeiy,0.5
zblm2y2ub,0.5
1gpfw7q3d,0.5
wpv89vojx,0.5
2ezzboayh,0.5
7einywqxs,0.5
biohpbqao,0.5
9f5kkjb9o,0.5
1sjtpspjj,0.5
0abbp1tkb,0.5
v0dnwyz49,0.5
dkdd2rwcm,0.5
zjbrtb0iu,0.5
p4frsxazn,0.5
w2tfmsqta,0.5
pnr8j2qjb,0.5
y84gp3mps,0.5
povxb8pge,0.5
xeedefywv,0.5
pnnhxzcao,0.5
x7muquhbu,0.5
jfl407yy4,0.5
agoya6t59,0.5
mnkk1cvod,0.5
6demubizs,0.5
2wdrtlzgm,0.5
czrneubmr,0.5
atqhmikuz,0.5
4dipeommr,0.5
mzha5s4fn,0.5
qqsvn6tgb,0.5
h7laahfry,0.5
dqlh2mlxm,0.5
txykgze0q,0.5
airwx7fad,0.5
xqfsp1uef,0.5
uwk4bnqgg,0.5
hc9vzsqmk,0.5
ryplwsinq,0.5
arbygnopr,0.5
mbvu20zfx,0.5
4sf9hsfjy,0.5
2vo6ylsb1,0.5
mmon708vz,0.5
m3lj7aajb,0.5
cfbonbqrk,0.5
8twjnrd7h,0.5
d9vbspwkq,0.5
xesypafy2,0.5
jnkwdag1o,0.5
9z6tbowd3,0.5
fjtgxuur2,0.5
xrbgrvkjm,0.5
cwciuywes,0.5
xfygf1sxk,0.5
h034zbkzc,0.5
53fortsne,0.5
8xgwoxh2r,0.5
l8mhrocuq,0.5
bqtmpobz5,0.5
4frcpliga,0.5
ertqcj7kq,0.5
4ne6ydfkr,0.5
xcblinrwc,0.5
s2wupgqpk,0.5
zuhhevux3,0.5
ldonadubk,0.5
jpakqiwzk,0.5
bgbwfasjb,0.5
rj7sbsc2a,0.5
entlxjcjp,0.5
kmgo8ehwj,0.5
t0u5hrkr9,0.5
nvxevvamn,0.5
2s9whwrl4,0.5
70r1vje4z,0.5
dzagluide,0.5
ocro8cpvg,0.5
zv9sqtxv3,0.5
lqoimgkla,0.5
normbrsx1,0.5
rpfvsikuw,0.5
ur9pk1ifp,0.5
nuk7jgiop,0.5
gxng17xeu,0.5
yapsnnpn8,0.5
bxmreytqw,0.5
qwj68w4ko,0.5
bonsf3aie,0.5
n04lduvs5,0.5
fnxrjtfk7,0.5
pio3xbfzf,0.5
dcdj3lbyb,0.5
wyirbslp7,0.5
nqos9umpr,0.5
bisbnaolt,0.5
t95ydsigp,0.5
gizpbrhtk,0.5
bk6xhasdc,0.5
r6zmvzf1a,0.5
gu0yzkqyg,0.5
utbj2mkst,0.5
3whspqhag,0.5
e6drqhza7,0.5
quywzfi2i,0.5
fgon3waqd,0.5
blxfwd7m8,0.5
rvhnyucro,0.5
gsqynjkhi,0.5
isoyxnzlo,0.5
tgmupgvji,0.5
wrxok5hpi,0.5
xlo8gj6gw,0.5
fngc4doaa,0.5
43we2bnzv,0.5
6nxykj9kw,0.5
pygfl7rg9,0.5
v1fqvcc4w,0.5
p47fneiv4,0.5
se2wd6eb9,0.5
cfevaekxi,0.5
mswyescxd,0.5
a54r9lcca,0.5
lboeibse3,0.5
7rf6z7agc,0.5
igtbgwayp,0.5
zf34xvzfi,0.5
edayxq0uh,0.5
np5oxrva1,0.5
ipfy3gams,0.5
3pwehgoeu,0.5
xtxgrfi5f,0.5
d22vw4nds,0.5
72cx6yczo,0.5
celibhvj6,0.5
wvnso3s36,0.5
e5opxlzmw,0.5
77egssc7v,0.5
4hfzciulv,0.5
ojeefszyu,0.5
nu9rx4nb2,0.5
priitnudu,0.5
y5m8gahrz,0.5
1vzbisskc,0.5
zoeuhkwfr,0.5
2zcspm4pz,0.5
m84smgjqz,0.5
vyttwjznj,0.5
ah8oqbqrs,0.5
kkgl8srew,0.5
7wbcjdzun,0.5
gmgm0vwns,0.5
hawtzkuq0,0.5
ddipoq9nu,0.5
sf4cc4ftt,0.5
yr6m8jq9p,0.5
zftvlqaub,0.5
kk802kfn0,0.5
ows00l4mi,0.5
quehhszo8,0.5
wourem0hw,0.5
h9qdvpups,0.5
50dyw3hgx,0.5
qlpnglksg,0.5
yioxnyjbb,0.5
d9owmbaix,0.5
w8d1mcxud,0.5
pcf9olomb,0.5
pwqgr5bqs,0.5
wdh24gfxj,0.5
riklcbmrv,0.5
861hfchel,0.5
qli14c6yd,0.5
hqy2ksrfe,0.5
pzd47ifks,0.5
5stz6usgc,0.5
7yylcpm0g,0.5
ykbbhv5f2,0.5
sg3244gmj,0.5
ucetuwfda,0.5
2eiokr6k0,0.5
xo6pplwpc,0.5
8b8dx7ivo,0.5
ma6aohzcd,0.5
drq5kbug7,0.5
uqzakdmet,0.5
aqnzglefz,0.5
pjzcfi43v,0.5
4kfwpxxag,0.5
qx5vbis8k,0.5
vkqlidgg3,0.5
cpsb6rrvs,0.5
xocsjpehz,0.5
khi3pvrva,0.5
7rs0teqvn,0.5
c6anturrh,0.5
pdvczfto8,0.5
3qbyrcyx7,0.5
kvbelaxhl,0.5
nkj87bfjw,0.5
aau09xhhu,0.5
xujh1k3nn,0.5
xwhftdslj,0.5
xk9i7ohe0,0.5
cocqzt3yr,0.5
hjrgvbzns,0.5
ihgtty4vh,0.5
rg71e8lja,0.5
5vr4nomuj,0.5
5mowhapxo,0.5
eoivubwqm,0.5
ra34ebcjv,0.5
vi0fkexd8,0.5
yaok15znv,0.5
bzimz2ftq,0.5
ziijjhm3p,0.5
4ygr0o3lr,0.5
izwhywkbk,0.5
lbkezwjf9,0.5
sntm1gkpf,0.5
lscml4vlq,0.5
m1xpopy9r,0.5
zave1lkft,0.5
tgplql01t,0.5
tzbzd23l2,0.5
whtvruvgd,0.5
7ab1xtvt8,0.5
cs1fdtlvm,0.5
qclofanlx,0.5
3wotrmnm8,0.5
jyjnzkmvv,0.5
ipnyyepbc,0.5
awognzd8z,0.5
nl4q0yjhk,0.5
96s4i97ai,0.5
czw3nwhyz,0.5
qejfkecv5,0.5
v7srjpsph,0.5
nffvndgjz,0.5
p8eyg2vut,0.5
mhregexba,0.5
7pvlapdeq,0.5
vrirj1bwq,0.5
wexkz6vbn,0.5
pzg5bgnbz,0.5
yblrhzaey,0.5
pbmgqylys,0.5
ze2uzajxj,0.5
zc6p0mbyb,0.5
kasv5pqnv,0.5
axkty3np2,0.5
qna1mfm2t,0.5
ajs1iway7,0.5
oqblowyrv,0.5
t9oshw5wg,0.5
htq5wjzot,0.5
1gmebqrvd,0.5
cctbp4v3a,0.5
ss6ha1qqa,0.5
agbdvnw9t,0.5
dgpucbi26,0.5
106vwudge,0.5
xxhdsfv8x,0.5
bmbvabfwf,0.5
sxuh1ricq,0.5
ipkozndxv,0.5
gkiegkxx8,0.5
cavvjncd1,0.5
nl7rs2z2g,0.5
scjpx36lt,0.5
nngxlllnc,0.5
bqzozhcgm,0.5
ac1hsvlbd,0.5
ne6r3l1nb,0.5
ke6fl7qkq,0.5
kviold4jc,0.5
x0eao3pkg,0.5
p1f6qkee0,0.5
yycuwn9gi,0.5
4tafbjpp9,0.5
gzstcpdrf,0.5
i2gbslmbb,0.5
0p3dknqld,0.5
id5s6soin,0.5
s58qystji,0.5
xgtih8vzf,0.5
rdvki0vdq,0.5
xnw1q2duw,0.5
lfrnonpgz,0.5
dyklg8vnw,0.5
7e2jsqoap,0.5
myxttmlof,0.5
nca29lt4a,0.5
eoit3shab,0.5
rpcy9nugv,0.5
vkyb4gqey,0.5
d9ou7pro9,0.5
yx2psazf1,0.5
bewnb1z6g,0.5
15i4icpzg,0.5
hr3di54qu,0.5
0wzgjht5b,0.5
jxbbasgkm,0.5
kk9azalc0,0.5
ewpi0rbnh,0.5
nbqwmv1nx,0.5
ollf1euqb,0.5
dqjsfg81b,0.5
hj7yhpz7x,0.5
911r5jiqn,0.5
4sd3xxent,0.5
woqfyqkdn,0.5
wc7eqdego,0.5
1ao7fbt0o,0.5
ymtdgzi9v,0.5
9oizr7x1g,0.5
pjfdig02w,0.5
i0c5nntjf,0.5
3jkoniilt,0.5
etorgogtw,0.5
nqbxlonzc,0.5
4ttfprnhx,0.5
y6l6idw7j,0.5
6zgmp9nld,0.5
yz4hkmqyr,0.5
x10ndlozq,0.5
egelhjsh9,0.5
zffbeair7,0.5
pmsocc7lt,0.5
9tobuwqjd,0.5
xpuage5x9,0.5
cjc4w6pnz,0.5
lrtyro2vl,0.5
ohjly9axv,0.5
ivvswo0fr,0.5
em21wfi9h,0.5
iw2x76m8t,0.5
fprneisz3,0.5
mc2zp1vzg,0.5
t28hs1yws,0.5
ske2aho62,0.5
xo9c44h3g,0.5
e1wtqox9w,0.5
287xvu5f5,0.5
phdw6xypb,0.5
pannnxt6u,0.5
jxrzf9tiq,0.5
pvoztswfg,0.5
fagpnxwme,0.5
tf4gvq4t4,0.5
1aw1ta0dq,0.5
gxbjv0ylq,0.5
ckhm0h1h6,0.5
liijsb8da,0.5
igvlhrtij,0.5
4pdn9sxzm,0.5
4ivcx5aqx,0.5
uxhua80hp,0.5
0zpu4g3w4,0.5
9hsck15fy,0.5
ue7q46iy5,0.5
jpvl9rodc,0.5
pwaye6kqo,0.5
gkgqvsw2o,0.5
hjkwiyq0c,0.5
vkyp4nwwe,0.5
5v4ha7nkb,0.5
dgcswuoys,0.5
jq37dgy3i,0.5
nf4xksbcd,0.5
c4qe4emfu,0.5
ed8azkxuv,0.5
357oegmva,0.5
ogt2ntwkj,0.5
yhuo4dkaw,0.5
gycfvubse,0.5
ohudzkwvx,0.5
covymjqcg,0.5
jwtlqdwkh,0.5
9af8ia4ed,0.5
qqhypwk9f,0.5
t091mrn9y,0.5
vrzducnz8,0.5
eef86nawn,0.5
ujlqwfce7,0.5
ruefxjmkc,0.5
ifducpclg,0.5
egnhz0h5p,0.5
uyw8hnmfj,0.5
vceaioelx,0.5
ei6rwnqll,0.5
wqh3h6xec,0.5
mbncjzke9,0.5
twi9fjkam,0.5
a5n2lx44i,0.5
ifxdli8pp,0.5
kqllxerbk,0.5
ec9fujeqx,0.5
hjpjcfsad,0.5
iedn8su0w,0.5
ut85uqo8w,0.5
1khyc5q9f,0.5
vfivdvlgk,0.5
dlwuhyvws,0.5
vxolwwcz0,0.5
bjede7g0o,0.5
u89dorjiz,0.5
lf19u96sc,0.5
qfhk8jdf2,0.5
qstvjrasr,0.5
ksvk3dqzp,0.5
n7nqhfnhr,0.5
rfhdkhixp,0.5
nxkhvlwhe,0.5
jphiyvpat,0.5
avpdbeeyr,0.5
0y8pitufh,0.5
tmhrgyi1l,0.5
d99nllxpq,0.5
4kxok8ffs,0.5
seorduyxu,0.5
oas6ci3ay,0.5
kwqgibpzk,0.5
arpwhhn4b,0.5
lflu3irpu,0.5
o0nvzldjs,0.5
mcb6qx8c6,0.5
385rnwmlq,0.5
uyhtjt8wr,0.5
94forfwaj,0.5
q6i4jrco3,0.5
k5yqbw0cg,0.5
lvj0tx5xs,0.5
lla4avtze,0.5
5jcrbe3as,0.5
mtgyzo28h,0.5
sjtce1luc,0.5
qo5ri4326,0.5
8vmmfdift,0.5
pra1yzeiz,0.5
fgz9dyrbu,0.5
cm3xaruaf,0.5
ivilooevk,0.5
hsozcv1sl,0.5
mp246xum4,0.5
vizuj5hqe,0.5
xtcqy1at5,0.5
2h76tihm7,0.5
fvtk4tqvi,0.5
jncog93jx,0.5
g13ppmq26,0.5
d2yfg2f3i,0.5
axwm6rei8,0.5
xpv0y9r7z,0.5
3fsbvet1l,0.5
4rsizlvdb,0.5
myfbhaigh,0.5
n9k8izsqz,0.5
xus7njggr,0.5
d0tjzocbd,0.5
6z8alajx4,0.5
tq8eh2jdk,0.5
ry8nlbbhx,0.5
aympdghdq,0.5
rilflrrdd,0.5
y4zro1oij,0.5
em5iimhif,0.5
j6nj1mucx,0.5
fothohzbg,0.5
htwc4b6z0,0.5
s7zrwr9ik,0.5
sfbfoffns,0.5
kvm5nso4g,0.5
jy8pjsyyo,0.5
apzbzirob,0.5
78gnnwiet,0.5
qolptukxm,0.5
jdya9temu,0.5
9ln00gzm3,0.5
nyyisd8rj,0.5
3kom6uzdg,0.5
ek7w7y9bs,0.5
bml62hsgu,0.5
ykvnauih2,0.5
iln5d3nqk,0.5
oixqhocyc,0.5
io8s7jaoj,0.5
gsxkqytam,0.5
l2om0fe3n,0.5
apn3d0vxh,0.5
nm5jtk7vt,0.5
2u3lnikpq,0.5
kxoeblxqe,0.5
fkjzl3crg,0.5
bzjrg7fp5,0.5
wcmpphcco,0.5
gekwdf4kf,0.5
stzluxnsf,0.5
y0gwjvxcc,0.5
f3zfjuaok,0.5
yansiekl3,0.5
ci3ngdaid,0.5
dt0bj0p0f,0.5
bvpowjxu9,0.5
uwiwn9ud9,0.5
fueyxzm6l,0.5
xtsmqpunh,0.5
b2yrjre06,0.5
pehwxjpot,0.5
kgnzmbrjz,0.5
stgatsmub,0.5
gj0ht5qfk,0.5
dc7pcecox,0.5
mrysn6aie,0.5
ghkwv2d4i,0.5
kphbt787i,0.5
rkblrfu5v,0.5
kdcirelhd,0.5
svlydl5g4,0.5
o5jdytarb,0.5
anc0jcof7,0.5
w8yv4thtr,0.5
jlc4d4rnp,0.5
wgjwfqp3a,0.5
cwychabhw,0.5
scqx18vgp,0.5
vwsoegqh8,0.5
kk4pbjptw,0.5
svg72keog,0.5
skhgxu0qx,0.5
jq8osbmpj,0.5
yvobqhmc5,0.5
zhdw4pqgt,0.5
qcyg465l1,0.5
yf6mm45jn,0.5
0wsdhztdz,0.5
uzykzbbut,0.5
xqmmxhr7l,0.5
wst50a8kl,0.5
f18txmaxs,0.5
d8bmblpu7,0.5
zdqltvvgs,0.5
ixgclbhru,0.5
c6oqvfvhf,0.5
nzka9r6ec,0.5
quf7grqes,0.5
szn8u28k7,0.5
gj9z3dd2z,0.5
dg2e0vocx,0.5
mptfszmgm,0.5
9mxhq8qlh,0.5
a9mb9wyxo,0.5
rfob9nrlm,0.5
yzfdopngp,0.5
bbzugt4zr,0.5
o1f209shq,0.5
xblewhxa5,0.5
vs1upe8tb,0.5
ze4txnhhg,0.5
0cz3hb5eu,0.5
ahqoip8j7,0.5
ur5k4ncie,0.5
utepie752,0.5
2wzrcofje,0.5
djx2kb8ur,0.5
0ihpqw69x,0.5
u3m2zkkmb,0.5
dkt562w0q,0.5
kxrtchblv,0.5
cravg17dy,0.5
0huyhk4fq,0.5
0m8hbjqvs,0.5
bvg4trsaw,0.5
ukbhrv53y,0.5
wcrivvfko,0.5
yxxkexr45,0.5
tvldodqxo,0.5
uekvweclu,0.5
95icm5abh,0.5
b0bbtgd9f,0.5
h5hccobdu,0.5
a6ncvnhym,0.5
ruqpicpwu,0.5
kyqf859r1,0.5
qkrgecuye,0.5
b50gp4oyk,0.5
abozcrwaf,0.5
njgfy2fy1,0.5
3b1oabygf,0.5
bsc7udmnk,0.5
1wja1s6hw,0.5
kbnvvzdqw,0.5
bj96euu34,0.5
g4ox4jk7n,0.5
bpovtsbml,0.5
9qnjj984c,0.5
4vvrditke,0.5
o4uhvz65f,0.5
zxu8t53um,0.5
aox7kbfgg,0.5
znrughh5e,0.5
v4cl14gtq,0.5
5jdhapj6w,0.5
nlqlpqfja,0.5
43jz6yiuo,0.5
i9l6j56f5,0.5
irrr02cey,0.5
kbbqhct1d,0.5
1gtskx2ry,0.5
duyobemge,0.5
qnvqtfwpc,0.5
jhu6212hj,0.5
iphx10tz6,0.5
x5lel7shi,0.5
ximznj5wt,0.5
xxrzhjwwj,0.5
durunrjdw,0.5
u2wqk1bfn,0.5
sapdjd4jc,0.5
bpvgbldgr,0.5
ckpwgbrfi,0.5
fe0jugu8b,0.5
gkszppbyu,0.5
qu4slos2o,0.5
knl0ffqhx,0.5
nfy7kmsb3,0.5
hvcwiy1nv,0.5
hatuoozkq,0.5
lrkir6meb,0.5
m9trcrpoy,0.5
bukm63oev,0.5
eizxl6o4x,0.5
wut49lhtl,0.5
loxupqoem,0.5
xjlynew4l,0.5
yzww8rpe3,0.5
nisz9yrqm,0.5
h4ned4anv,0.5
pm09vy3tl,0.5
m3czfsx6v,0.5
8x6zw0jbq,0.5
i88jll35o,0.5
w2sabv7uj,0.5
52ztqf8m5,0.5
tvzwphbkq,0.5
u8yaygmpl,0.5
sikgfd3da,0.5
7mtn3gusy,0.5
7mxa5vhai,0.5
ntjicjthv,0.5
f1blfluci,0.5
ozwji4zji,0.5
jqcqs7fvw,0.5
fqosvb3id,0.5
ggkcvezgl,0.5
b3quhavwo,0.5
mdire2dlk,0.5
ojihw8xns,0.5
c83l7u163,0.5
r5di2o4cv,0.5
5jml9xy2b,0.5
19mgj3vew,0.5
ennyjefx5,0.5
imn2xagfg,0.5
0nlk4rxfe,0.5
9ebasvy0f,0.5
mh7bil2t9,0.5
ob1vhrp3k,0.5
jmlqnhws9,0.5
i38c87u1p,0.5
wxy2nzipx,0.5
nz94jeyrk,0.5
81uk2oa8k,0.5
awvmjfaru,0.5
ywmfenjnt,0.5
t0djr9gya,0.5
ncumyxfqf,0.5
t0bdbyjxy,0.5
ahwjgp2m4,0.5
frjwndusj,0.5
ys9byqhh0,0.5
nbgatq4qs,0.5
4qzy5sups,0.5
z3ldlzsn0,0.5
i9ucwivrc,0.5
fvwjmjjl9,0.5
awpqf58uw,0.5
1yxsrxcl4,0.5
bnlaltge3,0.5
rlp3eyoe3,0.5
kzs84m6hc,0.5
cnhnchouk,0.5
tkfhqyxfw,0.5
5p6ywpdou,0.5
qvwdxlsku,0.5
e7lgmnvmv,0.5
pvnegqlyk,0.5
denyvvuqz,0.5
pzgwhoi0v,0.5
i0kxyi7nl,0.5
1lfckrkcd,0.5
n5xx4uyqh,0.5
lkycvsunc,0.5
m2cun65xi,0.5
fhse9orql,0.5
e3am5kzne,0.5
6dasrqaql,0.5
ss66dc4mv,0.5
079apboz0,0.5
f9ngbwkvx,0.5
qdb632uy3,0.5
5rzrdpk0s,0.5
6h886vjkj,0.5
lxhwstqk9,0.5
bxjqvrkan,0.5
825drw6hn,0.5
imp1jpudh,0.5
eoil6kft9,0.5
8jjy5ki8p,0.5
5dprgk7rz,0.5
ubjwwc1wr,0.5
xac8hdfkd,0.5
mdsczs0rb,0.5
h68y8c9wc,0.5
zbhu2rbvs,0.5
6eyr8oaiw,0.5
kedcfmy3x,0.5
gvbu3b0gj,0.5
tsv0zxeqt,0.5
irhcg3fr6,0.5
6lycsmqjt,0.5
r9s3kvphj,0.5
h9xvqyfu4,0.5
roogs1fbj,0.5
hcp2gbudn,0.5
52z7b4xux,0.5
nd4342br2,0.5
zr1oqpzur,0.5
xphdjakti,0.5
euaa8geth,0.5
dwxqp3ruc,0.5
equfhmepg,0.5
gfh9d0k9l,0.5
1thzoj4vt,0.5
h2jdbfnhu,0.5
4dblmkezo,0.5
rerp7ds4u,0.5
do7mvm9hr,0.5
5rgbrryxn,0.5
1qu70357p,0.5
a7cndtqpv,0.5
vqvtepves,0.5
pisqs9aqz,0.5
gtjttvphi,0.5
e1yhfk4u2,0.5
fy8nth47g,0.5
jy0jdxvzw,0.5
i9ixisi5y,0.5
e4upjnail,0.5
qfjfwgdyb,0.5
qnrrrnlnr,0.5
sepurik5n,0.5
k43e2jpid,0.5
lt2kmpqcf,0.5
jq7ppk8me,0.5
kikj97juu,0.5
u27rnpnim,0.5
bebbgeryx,0.5
bbgst5pr6,0.5
rybeqixav,0.5
khvxm13lk,0.5
lndzz50ci,0.5
ccum9usok,0.5
9lrfefc50,0.5
pn1z4kf57,0.5
1m99vducz,0.5
vhopjo85k,0.5
yj9fbm1op,0.5
8cy65jfqx,0.5
ogwhgmeln,0.5
dncpplrhz,0.5
qebpywgkr,0.5
7y3quh3ej,0.5
m0uqrpppc,0.5
vb5paqgzb,0.5
fituzz0jw,0.5
lg1r2sycr,0.5
ujw4wzttg,0.5
e1mlrrf2b,0.5
y0mwh3pn9,0.5
37ppekptv,0.5
t4u8uummr,0.5
ujozed4yh,0.5
7ypxcgfuu,0.5
stmarqryl,0.5
eh5z9ryks,0.5
6i0h4z4uv,0.5
bvdjl3bpq,0.5
xsy1cmibl,0.5
9hafywo7v,0.5
p7p4hddfy,0.5
uyyegfvzh,0.5
xw8pzvkn3,0.5
jo37bj88t,0.5
1weww00ip,0.5
mduru0iy6,0.5
pwpqd7w7c,0.5
ligp2ugey,0.5
giov5rmqt,0.5
eldre6xfb,0.5
rpjc2t24d,0.5
vj4sznm3l,0.5
vr4xfpvlw,0.5
fmtkx2b25,0.5
gvk93ql2i,0.5
ddlxeeu59,0.5
a6go31zya,0.5
nbujm9dmj,0.5
bqi4heuga,0.5
pdogx0uar,0.5
3zspkdgbp,0.5
m0bophhgs,0.5
owzh9ird6,0.5
suhuz6eyj,0.5
9rbqv5bg4,0.5
whqqixjwc,0.5
9anesurgm,0.5
8bn0ynlol,0.5
vnpsty3np,0.5
jtpew8ipc,0.5
q74rew8jn,0.5
lkofx7pgq,0.5
il55svcay,0.5
i1jzqsq8r,0.5
a3ymbxxgd,0.5
uoja9fkr8,0.5
fid6gy2d6,0.5
likbubfxl,0.5
zpuwkvte6,0.5
611pr4m1o,0.5
yzpvwsfqk,0.5
xgcde4f0a,0.5
qzkt34jgb,0.5
irxh1ydre,0.5
4ljzeqtme,0.5
1ot6r5jis,0.5
fyqcgq3nf,0.5
xfyl31q2l,0.5
t0j4gso7j,0.5
r534taq0u,0.5
dssiiwfwr,0.5
uuybxe3rt,0.5
qgdota1a5,0.5
nozrfzi2g,0.5
zlkkn6ewv,0.5
rgnjtn7fx,0.5
qzaykiz6q,0.5
0j3254ipt,0.5
8tusqyjmn,0.5
hbfwor8rf,0.5
372hpi0ta,0.5
ezraixpuz,0.5
rshcohch5,0.5
fh4ebcc5d,0.5
1dhhgoysa,0.5
p4y4hxuqs,0.5
ij9ihrsux,0.5
tggupnxfr,0.5
k8ucuyplf,0.5
9f1ilklub,0.5
4yfojavkq,0.5
c11ok4fed,0.5
ryjwsdukd,0.5
mllaezizn,0.5
mx9fbiyeu,0.5
2wdrn9ici,0.5
f07renusg,0.5
ys1tz9e3n,0.5
clbdkuvvy,0.5
5cfbyze3g,0.5
7f5yk8zor,0.5
8lffgyext,0.5
oy8tdh7lr,0.5
fzqe03kaj,0.5
1f6p2v95o,0.5
fjfoaiyyd,0.5
pa8vd7yfd,0.5
fgvvlvu0v,0.5
9ltqfdxzd,0.5
abvk6yvgv,0.5
73ojv7uww,0.5
qcris8frj,0.5
ujj2ulsvg,0.5
xyizuptw8,0.5
3sjdfvc00,0.5
vwdfykbtu,0.5
jym88xiev,0.5
nc4ubttzv,0.5
iqpb3qhsp,0.5
ac3a8prd6,0.5
ckiljqf5e,0.5
0zmzvnevq,0.5
t2ko9faxd,0.5
vnpcdunca,0.5
ohllrpnta,0.5
dvmdekvqs,0.5
feuidcwlv,0.5
a9t32qpfk,0.5
ltqesj10e,0.5
fufhadm1j,0.5
zn9r9gslf,0.5
b5moc6vug,0.5
j0tnprzqm,0.5
n49w1arlf,0.5
xupeopfrv,0.5
cypu744eq,0.5
fjoqxunel,0.5
u1sxvv4x9,0.5
ncpcgvfcd,0.5
4ifhteaii,0.5
6cd5xqlcg,0.5
ieqdpizle,0.5
qjvehiv3v,0.5
3rkwxhi8d,0.5
qgxqpsuyi,0.5
xp5gi40in,0.5
wn3bpamat,0.5
jiishsi2r,0.5
chtxuqnfj,0.5
hsiiyo7sa,0.5
6fd6ok2dw,0.5
sv4xrxhkw,0.5
twsk6wfwi,0.5
tdgfkykgd,0.5
biwa3wfu7,0.5
cotvhbjrd,0.5
gky1jybds,0.5
xlzjsw5i0,0.5
bhwnaaian,0.5
ydgnwuroc,0.5
2nl0yukdo,0.5
nvbcnca90,0.5
diur6vn9q,0.5
mf1rjb1al,0.5
20dddtfqo,0.5
e4q3dpxsg,0.5
77f15kv56,0.5
upliis8g5,0.5
6hewmyhom,0.5
anti0ujli,0.5
e8et2jora,0.5
mygs8qzdt,0.5
6i4lxzhij,0.5
om0drqusv,0.5
udenerhjo,0.5
fbdbzfgza,0.5
ijihktaxq,0.5
wl9p0omj6,0.5
wbwfey2w6,0.5
m1kyqcxqb,0.5
usvkoynal,0.5
qspauxepj,0.5
leafkowat,0.5
nrewzboqd,0.5
khsadjfd2,0.5
nnxsabc3g,0.5
y0epiyvzz,0.5
4iaxn5nn4,0.5
rkuk0exhp,0.5
mnryookne,0.5
aejmbs2ra,0.5
tzabqmbmc,0.5
jajjumizn,0.5
v7t621tzz,0.5
bamitpe02,0.5
rtg5t6vif,0.5
3xkfwip4c,0.5
4uj8sejhr,0.5
kzestiqdr,0.5
3l2mkjfm6,0.5
ioqopdhjm,0.5
lkxygmtfy,0.5
r8so2gisd,0.5
nkkrnlxl4,0.5
yi7ijxybu,0.5
iecop1o82,0.5
hun122iye,0.5
m9ajyhcep,0.5
7siix0nxw,0.5
esreynxe2,0.5
j0uhpmmwi,0.5
fenugl105,0.5
sg5iwc9so,0.5
tfv6ncb4w,0.5
c7clkbbvx,0.5
vixuhy3y4,0.5
fsgsgb3wx,0.5
3owp9yftw,0.5
mkmtpfxek,0.5
dnynst4oz,0.5
ejxzlvscv,0.5
p3ugza8yz,0.5
x4h6tfsh0,0.5
iubqd2hmw,0.5
bagezi2mt,0.5
a4vkgtxot,0.5
mhn7uzlkd,0.5
fu1gx43xp,0.5
ezsv41gud,0.5
n2wk396wt,0.5
vsxcagqbo,0.5
3n5fmsfmm,0.5
ojsbrqo2w,0.5
wb7j5p4vu,0.5
qsnu5pnnr,0.5
61zefx0mz,0.5
309ex8viq,0.5
eunedzc0i,0.5
bggycosnh,0.5
dhjxap9vd,0.5
2upfsppv9,0.5
q45ioqyku,0.5
gz1zno5kv,0.5
j6qq2epcg,0.5
xew6tnbds,0.5
m3sk0tz6j,0.5
mtfvnzohp,0.5
csipp2pqr,0.5
kw6yqqqvy,0.5
bdqejmofg,0.5
tihfmmshr,0.5
silahjspm,0.5
8mmdskr1i,0.5
ofifglmef,0.5
yx9anfmwv,0.5
tozh7pocn,0.5
yus8hhlms,0.5
g09uczx2c,0.5
gwpaiej9b,0.5
bqxsbq0if,0.5
npiw3jesh,0.5
s46ud2hme,0.5
8sidqgotf,0.5
fj0wptt89,0.5
1j7ywujts,0.5
7dsouwcli,0.5
o33tskm1d,0.5
2epyndrgu,0.5
iaeqb5wgy,0.5
yqp5zkwu7,0.5
numdg6ezb,0.5
42vqltewy,0.5
k0ozgvjfb,0.5
x0y3ihyip,0.5
msditxwsf,0.5
jmpuonjl7,0.5
uhmy2fpfa,0.5
2jhumiabk,0.5
wmsln4wb6,0.5
bl3bfuran,0.5
dlyzfaaww,0.5
hc3k5wcku,0.5
nbaaesebf,0.5
qui4bevf2,0.5
klxgvwxyy,0.5
nikzu6zrl,0.5
lc1xdrixx,0.5
1dq6m99dj,0.5
dlzeiphra,0.5
u2vfwlisa,0.5
mzd550zs0,0.5
grsefq5pu,0.5
vvvxd3ytt,0.5
jacflmipo,0.5
twvcc6jnz,0.5
wq3mia6gp,0.5
bpssqtaqo,0.5
i4kzcf9gu,0.5
lalhchrzn,0.5
huazc4dus,0.5
lbnsukpje,0.5
jcjumqgmi,0.5
wipsuiwyg,0.5
ypdaentuj,0.5
49ksen7mu,0.5
hjsohwgx3,0.5
5j5eb1bee,0.5
bzna4ptff,0.5
kxdzk6dxr,0.5
muijfhdiv,0.5
uekrkxhef,0.5
lgo9nhxsy,0.5
xq38bmndx,0.5
iocvibwn8,0.5
qvly8sx6w,0.5
nn7cotph1,0.5
qcaxx7ss8,0.5
eqcrvneq0,0.5
dlhrrgaxy,0.5
k4q0ufmfj,0.5
5xmljue01,0.5
kfbfoly3d,0.5
brvbldo30,0.5
amhvrvfoo,0.5
3ijmig5d6,0.5
cysi41hq3,0.5
scx8q0xst,0.5
kwngena8f,0.5
bhexdbguh,0.5
i8eehwl3o,0.5
xr1mo8hys,0.5
3u2hsjmyt,0.5
can0il4pa,0.5
kslfnks4e,0.5
tvwdozhvq,0.5
wsoehzo3n,0.5
zr8z21o5f,0.5
qhnedcjok,0.5
a74gdpsjx,0.5
hzgl4onaa,0.5
lodjyo1bz,0.5
3b7f2xlhm,0.5
ncpr5wxhs,0.5
qfmlookvr,0.5
zqien6pz4,0.5
wsiewpaci,0.5
bpedr85xr,0.5
zv0ksv2tw,0.5
geycdnh5c,0.5
zwezzczbc,0.5
4mtxu02qw,0.5
pqw8iumwa,0.5
mwukjceck,0.5
8bacwwl91,0.5
qyauv3xbu,0.5
yuuqyvltw,0.5
k3jd0us2k,0.5
5gkuv8ivi,0.5
fbgo257cx,0.5
uqbldhurm,0.5
p1vocmijn,0.5
8qufia86n,0.5
yfzxvmnbe,0.5
2ezfctilh,0.5
02bo41c14,0.5
nbfc4anb1,0.5
fexd4xjfp,0.5
batcbwdk3,0.5
dovllhksr,0.5
w1r6mmzbk,0.5
bv6f3p0p6,0.5
ithz5hska,0.5
nsgh650j5,0.5
uoldnz0w4,0.5
iwf1lowgg,0.5
hznytydf7,0.5
bzp9vb5vm,0.5
usuzapjgh,0.5
hwd5gkkuy,0.5
h1q3r0exy,0.5
yg49qtkcv,0.5
8ivq5e6cd,0.5
13rplheih,0.5
58zuinl1t,0.5
5mvbwdhvh,0.5
esppnblpf,0.5
w9zjzduax,0.5
3mtylm4du,0.5
nx6aiv6sr,0.5
vwrjup4w3,0.5
kcfvgardy,0.5
hqonivtb5,0.5
vrrjp7vuy,0.5
29zjxlqyn,0.5
xh0oyvxe2,0.5
kwqomg2eo,0.5
aztshqffr,0.5
4kwgqa798,0.5
jdtma1kyt,0.5
d5z4o8ebn,0.5
wpat3tsex,0.5
uhhagy1dr,0.5
j0vp2i5ja,0.5
tulonj8up,0.5
idjdrvcia,0.5
kfneq7ks3,0.5
ctwotutte,0.5
pa7dkch6r,0.5
nzq0appsm,0.5
qwmkcvffy,0.5
axywqbpf8,0.5
77wdlkeux,0.5
mbdblgzb9,0.5
tkeh8lyxh,0.5
ztd3kkep1,0.5
b7hsbwywt,0.5
sun4aja3e,0.5
o89zmvr0e,0.5
ke9gygjes,0.5
0x5uzyvbi,0.5
81qhkclce,0.5
0wouz0tog,0.5
yabgxzmuu,0.5
ytu5cwg86,0.5
8v5n5fhhl,0.5
fytidae1v,0.5
w1fchy6fd,0.5
vot0nzrw9,0.5
yonpmxtpa,0.5
yf5rccgz4,0.5
fav9s2lzv,0.5
eh090mosy,0.5
zkg3l095m,0.5
0hjifg3si,0.5
ekuaxkm3p,0.5
nozna9em4,0.5
lsluck409,0.5
lllfcg95a,0.5
2ww3nynm0,0.5
0jcx6decj,0.5
plfizozow,0.5
dau873ljc,0.5
vgko3ifdw,0.5
8jhqbyoyf,0.5
kgii9zg2e,0.5
6jkja3hyz,0.5
qcm76ndn3,0.5
ktjqvov4q,0.5
zxvkkxivq,0.5
eqsizdevj,0.5
1fylep0qw,0.5
hxuyg9wgl,0.5
0rmibloyy,0.5
mbkjrbuhr,0.5
fnrlkfgwk,0.5
miwlwvgny,0.5
1nyyetrym,0.5
c0eujbgun,0.5
lhp0wzgqz,0.5
lvcsg9nkj,0.5
lyfyz7ngw,0.5
3m2vfj2xx,0.5
alqsvrzop,0.5
yz3pwlh0s,0.5
mpjwbncbv,0.5
9alabjjuh,0.5
bsoslquni,0.5
hxvdsam5t,0.5
benbvmqft,0.5
eb8jolv1y,0.5
apnspunxn,0.5
fxhyi3xti,0.5
akosxlhtr,0.5
vxrim788f,0.5
wgnzo1isy,0.5
cbabsanp6,0.5
oddoun4xo,0.5
muyuw80b5,0.5
ludr8gv4a,0.5
zlpvmwxae,0.5
hnwfjhfg1,0.5
rydvjbazo,0.5
agduxezdw,0.5
xzyfrriq5,0.5
8xadv67rw,0.5
0oyahljm3,0.5
17za8jrok,0.5
v7vdkphwv,0.5
b2or0lixk,0.5
l4klbuqol,0.5
brbhw6iyz,0.5
eewrppdtf,0.5
ajnk3rcyp,0.5
p7ikvwaby,0.5
bryxbivjo,0.5
is0f1hjsm,0.5
sywsoph2k,0.5
wroifxlql,0.5
drczqeg27,0.5
swfloverw,0.5
pptjaimll,0.5
pny1movat,0.5
8oevukxrt,0.5
edigay3px,0.5
p2rvesksg,0.5
zfe5w9fhl,0.5
35ved03de,0.5
tp2hmhl8q,0.5
zujbd9xlo,0.5
xl9qr91pg,0.5
zk3jdrchq,0.5
zrbbvf2h4,0.5
zucl8vy53,0.5
y1ukre8yh,0.5
no4c3eoo2,0.5
mwuxktgpm,0.5
axnayjbun,0.5
fgobey5oy,0.5
hjhjuovvb,0.5
owaesm2fl,0.5
fnyl1y0a3,0.5
fcc3xxuoz,0.5
ezbezyn6h,0.5
r7we9sztk,0.5
k31bap1hw,0.5
zxxij4os4,0.5
6zfqcjug4,0.5
g6m4jrprb,0.5
ofoatjj9k,0.5
zgppvtulm,0.5
1om4vtfdg,0.5
bau2pg2jf,0.5
z46203qe3,0.5
2mou0dqra,0.5
n3qnaibse,0.5
qztbvdzsk,0.5
inw7rs6xj,0.5
r0yf91x1j,0.5
k1brsk2jy,0.5
zc4mehzqs,0.5
vduhvpkwp,0.5
yahp5kh8k,0.5
72ooc3ki1,0.5
wafb62nbs,0.5
hrsf6dd6c,0.5
5lanom9u0,0.5
qj7rah02u,0.5
b9iltgils,0.5
rtaifflrp,0.5
aadzh9zuh,0.5
1heni2qhs,0.5
6ssx26dtd,0.5
esew2ohxx,0.5
fiim4mm9o,0.5
aquaj52vd,0.5
mfum1dzpg,0.5
rpgv4yv3r,0.5
ikctg63rs,0.5
fhxplneho,0.5
38s1hwcvg,0.5
a7vxapkte,0.5
slime1gdh,0.5
pou2qf5p2,0.5
c8aoi5to2,0.5
rn3fjbpyy,0.5
kxs73sy0o,0.5
ennh7c0oh,0.5
qsy82btn0,0.5
81etjkbty,0.5
rwxqtnefl,0.5
fbc3sgngu,0.5
cg5zsgbkl,0.5
qduxguzqb,0.5
5det9oui8,0.5
3jpngxegy,0.5
31nhbpygv,0.5
dlq9mrltk,0.5
pzusdmyj7,0.5
xwd0kzlrb,0.5
eordk3bof,0.5
tismklmg2,0.5
cittsbgkw,0.5
oicxeudlc,0.5
g2n8jo4lr,0.5
hrgquq5io,0.5
sujmlgvf1,0.5
rhueldijq,0.5
zkyt2kyfc,0.5
qa6c53hng,0.5
vusr71fto,0.5
p3mbs0kbf,0.5
ewws3c3bi,0.5
o3wbrvjks,0.5
edb5rhamy,0.5
mvqnuzm85,0.5
516ytafp7,0.5
4vbjev9ug,0.5
twslndoky,0.5
ptqoaywt3,0.5
zkw7lh6ec,0.5
dsz1l16oo,0.5
nnfrowgid,0.5
vicxspzlp,0.5
pcq1jp0n6,0.5
wolvpsqzf,0.5
czhkevxo7,0.5
brrlrjblh,0.5
xp1wc85ka,0.5
cv0ww7jsz,0.5
fpv6on2wq,0.5
zbppxcwqw,0.5
pr8ektkjk,0.5
risiy2qnm,0.5
cl2v8toxo,0.5
oafwgloou,0.5
xuzzeuuti,0.5
fpxz1abgc,0.5
dyzrow0dd,0.5
fxhxvso8h,0.5
6yuo2mvg7,0.5
mkrxsyccg,0.5
sqjmzmmtl,0.5
fc8r6ieta,0.5
8zvz3htbh,0.5
m8heiwbf7,0.5
0pawhosbt,0.5
dfziegta2,0.5
xgdtdnsqx,0.5
exiwcxtsl,0.5
hafofaxzs,0.5
1calyhbzv,0.5
hmfpfxahb,0.5
hrtzmjumb,0.5
okjdxro7e,0.5
45imambv7,0.5
bnavjvtjb,0.5
gka9w9bjp,0.5
vgdjollrw,0.5
mrpxhmg9t,0.5
nn9og1dln,0.5
atpvua4wd,0.5
zyzjb9jr7,0.5
3vzvesy9s,0.5
pliof5luh,0.5
b8jejtium,0.5
bux0jdhfs,0.5
ednnhtdan,0.5
nawnonobv,0.5
mixf74vqn,0.5
tbawbclxj,0.5
hnio6phcn,0.5
pwq0smzhn,0.5
go07snios,0.5
wfnchakdv,0.5
xhs4k1gqi,0.5
2n3ketn9j,0.5
rxhmjylxr,0.5
1gx0b1ame,0.5
5xwdb9i3x,0.5
pyqxyepyj,0.5
qqeimp1f3,0.5
wyhmbqgps,0.5
eaku9agee,0.5
s2iwhjifr,0.5
cf9ritife,0.5
w1kvvsazj,0.5
68khfwc0y,0.5
utqkr0bi4,0.5
q1uqxq4qf,0.5
xteh6ti4z,0.5
eizgi2zpp,0.5
asxietqwv,0.5
qzkd6yckd,0.5
2kjgaisek,0.5
dlhdmfqzd,0.5
mydd4wrwn,0.5
rdboafqup,0.5
7aidj6il1,0.5
nfazjlmj5,0.5
ewbbza4zo,0.5
d6v6r103t,0.5
jzwryofpu,0.5
inmfwusud,0.5
t5bktr83v,0.5
hpow6anxs,0.5
b2fnzbhwf,0.5
g6vinvghn,0.5
cfpqicmlu,0.5
2wvgunqdl,0.5
aevblaugd,0.5
sjhufgdzc,0.5
cbd1tkcwo,0.5
rpzsrdhq7,0.5
euvvrh42g,0.5
z2apmsos3,0.5
wi0o2nk0d,0.5
yvd9enqtd,0.5
50bvdayi0,0.5
f9kqjorul,0.5
ep7rrzvyy,0.5
523lsobmz,0.5
h15lfkgpi,0.5
zx0qef9xq,0.5
o9gosgrad,0.5
oc3tamf2f,0.5
kfa3rvgsg,0.5
gqpqtdczr,0.5
chairbbqh,0.5
rsfepnqry,0.5
xubibhgxf,0.5
ayxrcxudt,0.5
pmmunqgha,0.5
emb5rj2dw,0.5
pv6y25ko5,0.5
8a6g14dsn,0.5
wrojhumok,0.5
8z9fiztex,0.5
oqzyy9e2t,0.5
wx65qgixl,0.5
m0ekaxotw,0.5
iv5glpfs4,0.5
wiwtplp0n,0.5
78dlpkumt,0.5
byxlyfnys,0.5
zjrudrfm2,0.5
vjdqwdmrx,0.5
vzax1sl8n,0.5
nntjenste,0.5
qgw0s2b3o,0.5
pzqbmb36z,0.5
4amzsp3df,0.5
lsacbzoxc,0.5
zxjduopx4,0.5
mhaec5w33,0.5
stcxzhi6p,0.5
laih11sto,0.5
aitu4n8ew,0.5
467p6qrkl,0.5
xjvjfwwjm,0.5
439ftotey,0.5
5bex69snl,0.5
ddy3rq5nx,0.5
loxyx0kzi,0.5
klgum0mz7,0.5
guwklcdip,0.5
o5k5zxc73,0.5
no2dffybm,0.5
6yw4od66j,0.5
qjg4ry5qy,0.5
eivrvsyap,0.5
mpvdnsqz4,0.5
y5qmhsegx,0.5
sgvuwotvb,0.5
nbm6ncwye,0.5
3cbynflff,0.5
5jh1w7gyd,0.5
0dfy1zzx0,0.5
zor3o30hn,0.5
yajzjcnze,0.5
kb5caqhef,0.5
mrmtz8wyq,0.5
vmgnigchg,0.5
pyorscvjh,0.5
nazkvhrpa,0.5
zxwr26veg,0.5
oqjyqk3pv,0.5
yl2mk0afc,0.5
dqzlx7vld,0.5
gfrp4wyv3,0.5
vea0bhavw,0.5
mfdkv5wwe,0.5
qjsbiczrt,0.5
qwgxnuqzu,0.5
pzgllwc7z,0.5
vswv51rc3,0.5
rayqroi6o,0.5
34gxx9lwv,0.5
0p6ikrvtv,0.5
y7zhbzloq,0.5
ynrqfz6cz,0.5
w5npq45tz,0.5
y6et2arye,0.5
uafbe7jw7,0.5
mlglda9kl,0.5
axflvengw,0.5
qqsqwpfty,0.5
pbalwgvwq,0.5
niomdakfc,0.5
c9f5j69ej,0.5
xyo5qpti2,0.5
fmecs7mul,0.5
tart2kouo,0.5
undoaorb8,0.5
kzm6in4wy,0.5
rn4opuaqu,0.5
zhyzk7dkz,0.5
ak8wu0wd4,0.5
jiabfkott,0.5
8vqiujwlw,0.5
xuhrlwm5m,0.5
n14dr3ueo,0.5
hjsnv0c7y,0.5
ez9bs1tb2,0.5
tkqlhbk2j,0.5
0cttk3fck,0.5
cfljdamft,0.5
hpn0eukag,0.5
lhi1gku7n,0.5
atbkte88z,0.5
gmxr6unkf,0.5
hpujbmuh5,0.5
1j9a2hgnj,0.5
cla69df0f,0.5
rjvwrm7nl,0.5
e5enyhziw,0.5
ggi5feyuv,0.5
dz5a2cacm,0.5
rbhp4yyan,0.5
c4gbasd5v,0.5
ahsceqrw1,0.5
k2muswikh,0.5
e8eh1d82z,0.5
ebuuwfxxp,0.5
zdxtcm1cz,0.5
bspmgdqwu,0.5
fbat24lcc,0.5
g6upasqb7,0.5
6bxzlppfr,0.5
xrhwdtsgm,0.5
qvyyhkjb3,0.5
qm9d2haxl,0.5
l1naf44fj,0.5
brbuxknlt,0.5
v1zeerame,0.5
zm0t1se9y,0.5
ft1zduqy5,0.5
pljxr5w5k,0.5
20zucka6f,0.5
o75do2rwi,0.5
nyrtdzebf,0.5
a6swtdd5r,0.5
aqzoft01n,0.5
2sg0cihsq,0.5
yj7d4ff4m,0.5
vqgnw0yhl,0.5
f4whsycks,0.5
fbkdvzgsc,0.5
qhdpyqadv,0.5
gl0nj6byw,0.5
fazwcplhf,0.5
8saci5oxt,0.5
w22sjsf2l,0.5
klratdnju,0.5
n4a5vi8bm,0.5
ixzsu4saw,0.5
cb0up8sil,0.5
rautfoprm,0.5
rwgybksdw,0.5
floq2jtpa,0.5
4ezu296et,0.5
eniayod9c,0.5
wdfluyh61,0.5
ibhw3jddd,0.5
nfjuyl70w,0.5
sia6ly1fz,0.5
k2wfjdsm1,0.5
0tax0z9vo,0.5
fkwyggngk,0.5
nmcqholdv,0.5
dmh67wfx9,0.5
oyw7iskum,0.5
ylg6zaheu,0.5
cecyripyi,0.5
zo8na2vmj,0.5
gj82hx1iq,0.5
pondhsrth,0.5
a6l16ubqz,0.5
hmzpun0oy,0.5
qhalcideb,0.5
8x1hbu7hy,0.5
6lpk4mptl,0.5
adxgjc9u4,0.5
4wrixm3ag,0.5
mytessxoo,0.5
6fyzhkglw,0.5
emhgqpqkv,0.5
9svi9xkvo,0.5
mn88h72to,0.5
2nratgewi,0.5
2i5dji5uk,0.5
xqhpnsc4w,0.5
4bhnoysml,0.5
f3aqnhnnv,0.5
luinp2eef,0.5
eo9pvpske,0.5
9vlqddaw2,0.5
0q7irmak3,0.5
g6pilnr1w,0.5
mkay6mxut,0.5
ira0ptbcv,0.5
gdxnio3lh,0.5
gvndhr3ce,0.5
2dbwqiaib,0.5
nzyrfynbh,0.5
tgiwentkw,0.5
jcwauyaal,0.5
rj8dyasdz,0.5
2ojmrtllj,0.5
15ifr6l3s,0.5
mvlkbswgh,0.5
vfdlvhgbw,0.5
rtq22rzqz,0.5
hwybl2dwv,0.5
1y7jthzxk,0.5
cpqgdqrmm,0.5
9koyk6ogm,0.5
6bajbmbzn,0.5
tmewnj7sj,0.5
5jccg8zep,0.5
amstniguj,0.5
x3ghmxah0,0.5
ozypnfqta,0.5
uwf5oquvk,0.5
iywwcwsbq,0.5
reazi9imr,0.5
lmugniusv,0.5
i0xddzicm,0.5
rt60krwnk,0.5
dvwcdvfri,0.5
nuos7lh6e,0.5
ugboubvy2,0.5
z4ullik4x,0.5
hgmlcriqi,0.5
0drvaxfqb,0.5
myatejg9b,0.5
gb3abrhmf,0.5
qfu0wybvr,0.5
fybuqdbcf,0.5
jwevuue21,0.5
vpajbb9pr,0.5
fvnmat9yi,0.5
dxynj8cv5,0.5
0xsvvrd45,0.5
ortfrwmjc,0.5
0qgrltjce,0.5
odqro8dj6,0.5
wp9bwcotu,0.5
ffg53cv1e,0.5
ldtf8kjmt,0.5
pash9zviv,0.5
1nfh3uina,0.5
lv8shdm2s,0.5
xvwxcmuwp,0.5
zjbirdtsd,0.5
z4pmm1emu,0.5
z6wa0oac8,0.5
i3jbfklbu,0.5
yrmwlcr0o,0.5
dwaqjjtkh,0.5
ooxyppljp,0.5
xai9qhf5t,0.5
w04kpnexa,0.5
l05ixlnqx,0.5
ybd6bri48,0.5
d6awco6rr,0.5
fjnv2r34w,0.5
j2xll8ek0,0.5
ooyllb5dj,0.5
6btjaefir,0.5
tmdvwa5kx,0.5
up0qprudy,0.5
rnvwpz4kj,0.5
f2n6rapln,0.5
cu9bo6ta0,0.5
kppednkuz,0.5
pslkoofdk,0.5
tfieqdzi4,0.5
87eeatwu1,0.5
x01ag681o,0.5
347bkwcn8,0.5
mqjohpfav,0.5
xp2xg6xwr,0.5
czwr2f33h,0.5
zpkflnbwt,0.5
q06xkskds,0.5
qezs0solt,0.5
as24wpgbb,0.5
riswujm1u,0.5
cjaxvncbq,0.5
yjg8mhtyy,0.5
vl0xjebph,0.5
9lurvkx2v,0.5
anx245rdg,0.5
nnik2xdl8,0.5
bpo8aa3o8,0.5
nuwnmuvfg,0.5
hry3ec8oh,0.5
91yfzobit,0.5
8a8yoftyl,0.5
qpxow1fat,0.5
vuhugwsva,0.5
jt68rrnke,0.5
zh6i66jad,0.5
03zaybfff,0.5
ftiq8w9br,0.5
ghon09pit,0.5
7us5ybvtg,0.5
6q6jsdyni,0.5
ejtz6x556,0.5
xnepgul0q,0.5
5jbaga6xj,0.5
ddqy4i5vs,0.5
wwotihmgk,0.5
6ekzpxwwe,0.5
jzgzirebb,0.5
u2pfs0epm,0.5
y1zyjvizb,0.5
g4hyw6hir,0.5
umikbtcjf,0.5
fg7zsn9q6,0.5
wsoscew1h,0.5
fdtzantqd,0.5
atyvgtveo,0.5
7l6vv3cxo,0.5
a5ilkq2iy,0.5
iih55aawn,0.5
w7bs31h0k,0.5
zz3s9fkwz,0.5
dh6ypoxmf,0.5
lccc3dkxh,0.5
7e5gtu5uc,0.5
flkitcek5,0.5
rbpvzsfzb,0.5
5zpbxdk3g,0.5
oyygxwise,0.5
pt8c0c7ff,0.5
m1iffcgmq,0.5
utay06305,0.5
rdy5c2jam,0.5
5lsw0kw5y,0.5
cwjo6kimf,0.5
c90ju93rj,0.5
vhy28zwxm,0.5
ftqkx63ag,0.5
gdjym4u1x,0.5
hbkv6q0g8,0.5
qby4jtd9h,0.5
xhomlsmhg,0.5
bls8ltjke,0.5
r1pucrjhc,0.5
bx8dijldr,0.5
efulcewpj,0.5
1ojr7la4w,0.5
eo3pk2dub,0.5
mtifypshr,0.5
5mwyr7dqw,0.5
0c5ksclnh,0.5
hfhcupsjd,0.5
2iwvfitu9,0.5
i7qtdnwjf,0.5
z1ckpdlg5,0.5
aelbo8imd,0.5
8feoxjafr,0.5
hvazrdjqo,0.5
6z4alkf8i,0.5
94yx6jynp,0.5
w34orhlns,0.5
exxp4iwhi,0.5
z3uajrxqv,0.5
s5y0q6ghd,0.5
mm7bcny9j,0.5
jb7oook37,0.5
zk9maeh6v,0.5
fzkd0idzy,0.5
1b5a5hyg1,0.5
gdmvmpdvh,0.5
rqbctfruq,0.5
yvdty9nfp,0.5
c8u0kc0ku,0.5
ezxvk2ypd,0.5
yilqelyld,0.5
njjlopbur,0.5
wjciozey1,0.5
mqtbd39ry,0.5
y78wi64tg,0.5
aukrdozre,0.5
uiqsbgrue,0.5
j7fizshdm,0.5
kcjrbb6pa,0.5
mwf18d8sz,0.5
pamrajlqq,0.5
gn9clfenw,0.5
bxadb6txw,0.5
6hdvsk4me,0.5
wmmmertmm,0.5
t9fjc5vat,0.5
hcx5hzfha,0.5
ictinzuft,0.5
cmrylh7bd,0.5
dhdnj0nts,0.5
xesyquoqe,0.5
w2gzen6ln,0.5
7vfyg9mki,0.5
ahoz1hg0c,0.5
pg7u2qirt,0.5
fbftn884r,0.5
86u3oqojd,0.5
f1fzslqjo,0.5
sy4dcci6a,0.5
5uavqso25,0.5
wmcle2b4l,0.5
52rjdznt9,0.5
xqf1tandd,0.5
wzaacyaev,0.5
boegcxka0,0.5
eevipeu8r,0.5
ky5m6wxx1,0.5
tthxlkzbt,0.5
sfsircch9,0.5
ndhosrypb,0.5
w8an4m19p,0.5
uxxhvvkur,0.5
tvlsrxpsc,0.5
lhcnmif76,0.5
7tcgdxo7d,0.5
z0nliyno4,0.5
fkbfkgck3,0.5
vijnfvtfe,0.5
dxjk6oxg5,0.5
1te95mg44,0.5
tnsou1znq,0.5
7iwspm2vc,0.5
psyqbfj9k,0.5
f6sh288h8,0.5
tp7qihauc,0.5
lmarac4bu,0.5
swrfygncw,0.5
1qefikynv,0.5
yoy4ijshq,0.5
l6kzu0grj,0.5
btznzkwgx,0.5
5vwf8vuxv,0.5
nnl62fwrz,0.5
xc1fdsxvd,0.5
9zhgcrllf,0.5
vpj3zatgy,0.5
ykoybnukc,0.5
6fawjhx0p,0.5
3flprqiyw,0.5
hfw7sogzm,0.5
olfnykdyp,0.5
yyryosha6,0.5
4qib0yeos,0.5
oev4j8zl9,0.5
pda2xtkzd,0.5
9fycgfy1x,0.5
0eyojg8ig,0.5
gxuyi1vna,0.5
127hydkze,0.5
qppfkxm9w,0.5
9kns0vkjd,0.5
flv3jlf3z,0.5
nmuaovlba,0.5
zzv1jjbke,0.5
awtqeozue,0.5
6llx9kxvc,0.5
ubrelojlm,0.5
lwz5pskn7,0.5
zveb14kta,0.5
xle9npvfg,0.5
8qiy9o5y6,0.5
ryo0znbur,0.5
xru7gj7g9,0.5
nwr1ns8bz,0.5
or3rjwqte,0.5
gwhkvaqli,0.5
rsamvdcie,0.5
djndzwmto,0.5
5dlbevri4,0.5
v4tr5a61m,0.5
gcykt3hhx,0.5
p9yxv0duu,0.5
hrl7dpcrz,0.5
t9dhswi3g,0.5
uad1vatxh,0.5
ucqxhylpm,0.5
86ybpnhze,0.5
2stir8yla,0.5
wt7fhswpr,0.5
jnmvkomdm,0.5
69wdcjao4,0.5
kotz6pmwo,0.5
tlrcro10r,0.5
u2fx4nobf,0.5
0af728tzq,0.5
m35dgvfab,0.5
2wv1lycjj,0.5
z7acge4ko,0.5
ycopqxtg0,0.5
p1rgtcnmm,0.5
bhihnahvt,0.5
966wv3i3l,0.5
a4hzwiv21,0.5
xs2yxukwl,0.5
rvyqhdnuf,0.5
eql2c3luz,0.5
9rjsmbozi,0.5
zsqdsed7t,0.5
iuxnkvpht,0.5
97ys6ud1y,0.5
shkil67b2,0.5
thq4lnobb,0.5
twnw0mvwz,0.5
lw3dpzscb,0.5
cj4z9witk,0.5
5phgli3l2,0.5
yuoji8nfl,0.5
rnqig54ui,0.5
ocj7yfefh,0.5
51nlomknz,0.5
ywtemnhta,0.5
ldpkjgsse,0.5
x4ulhzaas,0.5
m2zxlbbhm,0.5
8uig9mibc,0.5
rrz9pno6m,0.5
3lqkiiyhz,0.5
2qshvhkds,0.5
t1jdhbkox,0.5
t2jnobley,0.5
nzqfu4qob,0.5
0zu7eecra,0.5
iqwutmhit,0.5
4cew1u8gc,0.5
t3romdh3y,0.5
ic8nqiicm,0.5
nip6pizbt,0.5
eryux4cfy,0.5
hvcwceosl,0.5
09wzlykvm,0.5
iqst9wnvz,0.5
1ks9q9e9d,0.5
i4yaiogmu,0.5
pwq1huvja,0.5
dq6z42jvq,0.5
jxl7ykbkn,0.5
0z7gcesme,0.5
mw4szqdgi,0.5
rhgfrjo8e,0.5
w0s3sdmnk,0.5
qlzub607k,0.5
xyfbgmj6u,0.5
txddwebpa,0.5
bzhdqr0pw,0.5
qazeum5hw,0.5
qadjustza,0.5
snfjqem50,0.5
y1sfnlh1l,0.5
cp1ljukbd,0.5
zo9xui8vz,0.5
dhwee4skr,0.5
1gerceftt,0.5
92aanjkc7,0.5
j4jllihdf,0.5
ycetb77nm,0.5
6dk95pl9h,0.5
concxcw2h,0.5
url05erkz,0.5
qrrbpshm3,0.5
id21n9wvx,0.5
ufm7q0b1p,0.5
sw2c6v0tj,0.5
gdvdufxbn,0.5
4keye6glr,0.5
oypymmw8q,0.5
pohvyw0ap,0.5
j43wjqzfc,0.5
25iwocvl8,0.5
smihpyclk,0.5
fwcs6nmvc,0.5
enpgcdebl,0.5
xqhc9xhts,0.5
p4snyjgkc,0.5
ovfa5bjds,0.5
wzd92lkjt,0.5
j4cytezls,0.5
2mf0cgv6w,0.5
5ezmqhzea,0.5
c6qsat4ml,0.5
yiw4btdzf,0.5
fqmjm3baq,0.5
ncvvzjeks,0.5
bgqb5e6bb,0.5
4k962xuzn,0.5
vwrzaj1cp,0.5
caam6w0xq,0.5
aaqteal7c,0.5
p1rktwltl,0.5
fs5vbotvi,0.5
pneoy8zbz,0.5
qpaamgmou,0.5
sbue1vlns,0.5
euai6qka3,0.5
jmqmrq2wf,0.5
ysh92blqy,0.5
7748mdw6m,0.5
3twt4gr1c,0.5
mjuoznarb,0.5
uryjlckhw,0.5
426stduoc,0.5
jyvhijrz9,0.5
cvrhcolu2,0.5
jezdeq1g7,0.5
wv4c38hmd,0.5
feocxnc9i,0.5
2nqcdxomn,0.5
bslq02zwv,0.5
13bcuroc0,0.5
du0ui61yg,0.5
eahumrbzx,0.5
jlnwtvywa,0.5
cas0ho2sz,0.5
pp6qcd0dp,0.5
a3hhv7tgx,0.5
3g9wpxvos,0.5
yjvuglpr1,0.5
g0fzupaem,0.5
xfe5za9m6,0.5
tzm01ozke,0.5
ymwyllmss,0.5
aavqodqxx,0.5
zsuarrdmy,0.5
7bcw53ii6,0.5
q0hwtzblq,0.5
s0y3viajf,0.5
bvhinppka,0.5
e7e1okjsh,0.5
jwfqgddm1,0.5
gvno1nguc,0.5
09cc1mydc,0.5
b4yuvtnkv,0.5
tbcscz4bd,0.5
ig1szohf4,0.5
fjrfoegg7,0.5
vhqnl1svv,0.5
mhip0jxoc,0.5
mryxyka3x,0.5
rignsilu9,0.5
ykc8ugabl,0.5
lukggx6kq,0.5
pwheukhk2,0.5
fgiokth2f,0.5
7mczmuonu,0.5
axhv4xz8w,0.5
1q8lsb38e,0.5
wlzk80md1,0.5
ivhhqih0r,0.5
ntkvnwhq4,0.5
hm7qren5c,0.5
vqqqcjjna,0.5
6uatbqlx2,0.5
h5yxb0j7h,0.5
cjqguf7to,0.5
qrwgfiy3c,0.5
ialyp91ij,0.5
ka6uwnzwd,0.5
jmwdlosgq,0.5
gja4exnnu,0.5
8k8k8ljvf,0.5
wvvps4cay,0.5
4wbh4svmr,0.5
swmxlpcgb,0.5
rvu5gm8mq,0.5
gzjo0jro9,0.5
hkbiwnkgo,0.5
0t8ilu3gg,0.5
vykcqqwej,0.5
m74l7r3gr,0.5
y0f7cw9tj,0.5
wcyawuqa9,0.5
gortzpyep,0.5
rawckgvof,0.5
7brwe2qme,0.5
b0u7vk5gk,0.5
itofvu0wp,0.5
declxtilh,0.5
ssvrkkdsj,0.5
1qgvokoux,0.5
smfqluj14,0.5
wu9jhhewz,0.5
ywqwa32yz,0.5
svbjbtkgm,0.5
gruff5er9,0.5
podvgcmdf,0.5
wbvk5chkg,0.5
rgbrnt5dh,0.5
ekhqystbz,0.5
ab6qcrryb,0.5
huhhqah4o,0.5
bbohco6q8,0.5
spebhj4gk,0.5
c8iffkwex,0.5
r1pfc5pzf,0.5
iptuql6px,0.5
bz8uizcws,0.5
6peiqgjta,0.5
83p5jnlvf,0.5
2kaw8xdqs,0.5
thhvm0fnq,0.5
3oxdjqfyw,0.5
fyvnl857m,0.5
aufiadnyl,0.5
w03x1gdlk,0.5
ndgbdfblg,0.5
jujeei6ih,0.5
smurlkt4f,0.5
78tdx879a,0.5
org2hpkwr,0.5
lbeq02eag,0.5
lhk7vnr9f,0.5
taze6lcfm,0.5
6odcwueb7,0.5
4v8lxrfjh,0.5
rkrz9nxxv,0.5
70t9jpj2p,0.5
accnsauj8,0.5
jhmzf2xkx,0.5
cevhndjci,0.5
6oapefnnf,0.5
eoiwwkypb,0.5
ay9dafm2g,0.5
wuewtaer5,0.5
mvpojfdxs,0.5
jqryh3aqz,0.5
zs9bbyc1m,0.5
quwpck6h7,0.5
mhz75dnqu,0.5
uh6pxjs57,0.5
tn04uezvr,0.5
0uww1olsn,0.5
icsfhannj,0.5
ifkvigow5,0.5
v8axj9jhi,0.5
zkh0jhlcu,0.5
onupwumse,0.5
9ciuymkrc,0.5
r12gw4nii,0.5
udqsaz8vn,0.5
fqqv0nuny,0.5
us60oacts,0.5
sj9z2hvop,0.5
os8wzrur1,0.5
pdfhbzj08,0.5
lvc4fipiw,0.5
jw8xnkgno,0.5
zoctwfq50,0.5
aw1giq33y,0.5
b96ax8w3a,0.5
jfirhrt0c,0.5
yorei9gca,0.5
0ldtlgdsh,0.5
ykqqh7ops,0.5
tosw2wpbm,0.5
yidmhoeef,0.5
vdugvswrx,0.5
ahydebe5g,0.5
6qqofdzlm,0.5
wiamf0pfm,0.5
kezusazrf,0.5
4zi1k56dg,0.5
oxzhgfydg,0.5
biitafkff,0.5
mji5fg6pj,0.5
tccmz3byc,0.5
8zai51nhl,0.5
xuseq5pzs,0.5
pxcqyzoix,0.5
4fdjk0cvr,0.5
rwbeomhrs,0.5
anjdxmyms,0.5
mg62p1bwp,0.5
ymofmhkwz,0.5
z13ntywe9,0.5
me3fomfwx,0.5
io9fnnbgj,0.5
6ydcachli,0.5
nzjdchsds,0.5
4ccuuulwb,0.5
2cuzxluv1,0.5
q0ml9wuai,0.5
lfdilsp6a,0.5
8bp2mvbs0,0.5
ebk7ld6sl,0.5
ee27zhvxl,0.5
nrpqtbbov,0.5
4nri1wecf,0.5
f4m3xnirn,0.5
gk2wvo2ca,0.5
dxqyj1noi,0.5
f2g91cnln,0.5
gkine1hlm,0.5
2vhktojmk,0.5
gtpatpi0x,0.5
l7ffcopyi,0.5
epg4aog6f,0.5
posdhqgzj,0.5
fzwwo4ppy,0.5
mpdcor8mp,0.5
vvmbbmuoz,0.5
qz35vplev,0.5
7klmeljbv,0.5
ipez4q8jt,0.5
tldfwcuq2,0.5
be3fzcsui,0.5
ie4e9rmeb,0.5
q8ktpoglh,0.5
f9z9lhb4k,0.5
x68xwgd2v,0.5
qlat9ndib,0.5
pntju2xcr,0.5
6acve7bfq,0.5
5nobovdaa,0.5
mpxk6vbqt,0.5
9sswpyyiv,0.5
5xz6chsjl,0.5
gnyig0yfk,0.5
dsthchy8o,0.5
mgczrtvbx,0.5
wree62kcb,0.5
xtf9wljfg,0.5
2amh5hxg7,0.5
l7hp7u7zi,0.5
ccbaxt0oq,0.5
eqacdofve,0.5
h13uquppd,0.5
htmfiv1nl,0.5
a3ynvwlow,0.5
wde9nsrpt,0.5
9fjatcjni,0.5
qrz5rzxbr,0.5
re2ez1cru,0.5
vm8fva8nl,0.5
lto0isugz,0.5
qnduwipe0,0.5
yo9gbyytc,0.5
c5oecjwqs,0.5
suu6hvxlu,0.5
5wljinxuf,0.5
ndmgku0m0,0.5
aw3cs7hng,0.5
o41hb5dnz,0.5
uirvhdoeg,0.5
w1wxytl0u,0.5
ezb8tl5br,0.5
gwyunztj1,0.5
jh5vircdx,0.5
rrzpcxchh,0.5
a4ssg6y7i,0.5
cripdva7f,0.5
j2s3i3tad,0.5
uebs0w1fv,0.5
qmnlxa9lt,0.5
lmgc0q3ze,0.5
ylwuny30a,0.5
dqu6rvmua,0.5
muwlil0zv,0.5
ed13t3hre,0.5
c8mlytozn,0.5
yszud6xp5,0.5
ezorb7um2,0.5
a0ki5egip,0.5
hamvks7le,0.5
efzr5w9xq,0.5
ksfzojiro,0.5
osgvp7vup,0.5
rburtwtqm,0.5
43c1gjpbg,0.5
7aqyd4tgb,0.5
svlg1pxga,0.5
yz8r3iw2p,0.5
w9jf44z79,0.5
ltyidpcl5,0.5
kzwq5ldhn,0.5
gcmo4d6nh,0.5
60phtmn6m,0.5
ri3pjgel5,0.5
76rkvn6y1,0.5
meniwhup4,0.5
narifpenj,0.5
ahfsqepyz,0.5
padnmsqxm,0.5
mogvpeywj,0.5
eastpxdv6,0.5
xixckgtw0,0.5
5ih1lp3fu,0.5
x3hv7roex,0.5
wbds8umcm,0.5
bhmv5w4mh,0.5
fr2vvfyjv,0.5
xeqvxmzky,0.5
z1xc5ufsx,0.5
wcgntnwu5,0.5
dr9mccph8,0.5
udvs0vf1z,0.5
ol1aclox9,0.5
a9llljgpv,0.5
hhdocak29,0.5
lvsxbwf9o,0.5
waxgx00d8,0.5
tr7fd9d9y,0.5
gjjlfcowf,0.5
p8aba29bt,0.5
1covk86ks,0.5
5uxpieq6d,0.5
wdkrpf6n8,0.5
15hmsy1mp,0.5
y9tpt8xdz,0.5
cyndnn4h6,0.5
b1vhgvtzk,0.5
vr59zaguc,0.5
jyiacwie0,0.5
7dtecy3qp,0.5
2oge5ouuf,0.5
upw0zoega,0.5
geqpdlhkv,0.5
ceipnehbx,0.5
rrcrbiwrr,0.5
62vygnqkk,0.5
szlbdozdy,0.5
yvtl6p2gj,0.5
mws8wq9e3,0.5
30nlk61wn,0.5
zucubujcr,0.5
ihk6jmtdh,0.5
jwy7ktx3i,0.5
cdvhtc8dd,0.5
axzp81veu,0.5
bghuhmjby,0.5
oucardirf,0.5
yqemvz9tk,0.5
zcbe9zwqe,0.5
aelyfu0wq,0.5
aqjrsujgp,0.5
rjmwoggii,0.5
a1u6xedfa,0.5
yti6qzqe4,0.5
zg3ewk0wc,0.5
fqwxkqo3t,0.5
gn7gozbl4,0.5
bkgvxdpxv,0.5
mnxgusml9,0.5
91cufzlna,0.5
wdr4qu0rb,0.5
3lehdqnff,0.5
a9nesk6ac,0.5
pcrwmniym,0.5
rbqzbllls,0.5
fbqxpoh1a,0.5
6vulk3l9d,0.5
ar8tmy9rr,0.5
d0jgxgv41,0.5
rmwrokkel,0.5
sktcexs5j,0.5
f0zvtio6e,0.5
ista7cdcn,0.5
3ur60owx7,0.5
iafwhllbn,0.5
q7lwumh2k,0.5
1e1jkshpj,0.5
irphwpzvh,0.5
9lmix19zf,0.5
4af8e0qcz,0.5
m7lrnff7v,0.5
3u1sts8rd,0.5
ktoek98gm,0.5
wthheyz0a,0.5
1yytezuql,0.5
k2x8n23xo,0.5
hmn8oxyqt,0.5
rfvnwekox,0.5
okd6xqcsx,0.5
zqp4xwjax,0.5
yegyxolxm,0.5
fhkzoktpo,0.5
387lg7ohg,0.5
uutoack9h,0.5
1szmdbn9i,0.5
cqe5xabuv,0.5
fusrif0aa,0.5
e9fsq2r3c,0.5
tqyqhhxyz,0.5
vhqiurzgo,0.5
w4rfnfzbf,0.5
2arop2vgy,0.5
k9zzpbhag,0.5
f0hmebzay,0.5
vlu980t25,0.5
z24nxu1oo,0.5
srpfe5sgk,0.5
dce287vqm,0.5
iukryyhgv,0.5
wwjef34hl,0.5
wznnz2qic,0.5
tq2v8heco,0.5
jlfdtku0w,0.5
jcgjgph4c,0.5
jnanl14mn,0.5
aglwrgkud,0.5
3w8wacxzs,0.5
b0zdgpjkg,0.5
atjgxx8mk,0.5
bj8bndq4x,0.5
ca4yazukm,0.5
qsd7odx6m,0.5
b3vnfjkrh,0.5
metkp2kaj,0.5
2bcmzegdh,0.5
xajxg86ab,0.5
zqh3v8eee,0.5
mg6dwycwq,0.5
pwhvod0qj,0.5
5t0w25uci,0.5
jjmsz0vlf,0.5
fwm5cziv0,0.5
h2ekjpede,0.5
qcgftxinj,0.5
esx3bbzzz,0.5
sv3ldq3lz,0.5
tnusxzqfl,0.5
condbz0jt,0.5
gze5r6mii,0.5
vrfvhpp1h,0.5
nkiwllv4b,0.5
t1migy3zc,0.5
viqnsvlwy,0.5
jn8xn7g9r,0.5
fnz4bupbt,0.5
qllbiowdt,0.5
varppwapt,0.5
futfxcmod,0.5
wxuhds9b9,0.5
galwyvhmw,0.5
txwtm1gim,0.5
0w8fes9w7,0.5
eftphzt2d,0.5
zdcalacs1,0.5
hf0q70rt5,0.5
yvwc90zmh,0.5
1rjvrjz1v,0.5
eseddjkjg,0.5
teudfndw3,0.5
9nf0jvz3w,0.5
awwx5wefk,0.5
cpwebyz9w,0.5
2a9t6euzx,0.5
tjgvqwhg7,0.5
njridmbrp,0.5
feamxl6eq,0.5
tnx4mlxsx,0.5
nwa301axx,0.5
udkg4lbvn,0.5
8qmx8wbt8,0.5
noybdpunt,0.5
phyf2esbk,0.5
roixbj2nh,0.5
c8wwrpzla,0.5
00wegkbsp,0.5
vy99adnek,0.5
fhdf8lakd,0.5
czstrnndz,0.5
5ozb7e38s,0.5
tgfgig8sv,0.5
ces4kalla,0.5
ziagwh6zc,0.5
ucmcgjajn,0.5
lwrz6c2ox,0.5
zw4zuxkyl,0.5
2wpdsan57,0.5
e2nmdnltj,0.5
pwifqms5e,0.5
wxq1gpgmw,0.5
o4riuzvth,0.5
43j3pssz0,0.5
wnh1mbwib,0.5
yyue674vq,0.5
4t6hcdbnb,0.5
ajypkb2pr,0.5
uvbdb5iyb,0.5
gn9nesfon,0.5
jbhwykeif,0.5
yqw19xd26,0.5
57ypcchsr,0.5
utpurnt5c,0.5
bfgqhu9k5,0.5
jkucn0mhh,0.5
t514pupt7,0.5
igjbbba2b,0.5
fhlbn6zqd,0.5
ntrkjoea2,0.5
rg4ewl2st,0.5
bugs9x7br,0.5
eooq6a0oy,0.5
u3thlpqta,0.5
ti2xmtn3r,0.5
leu1ny4sc,0.5
vry5lurnn,0.5
jbhmzcc7s,0.5
czgtkpifg,0.5
xrnpyh4av,0.5
mejwdxsny,0.5
zclsmdvcb,0.5
0qcg6xnfo,0.5
v100eovk1,0.5
xsfc4xf7b,0.5
5cluruqkw,0.5
ly0qf9cr5,0.5
axvaqpdqy,0.5
cwlheukt8,0.5
333cs9flj,0.5
vljcssllj,0.5
if5faxpjs,0.5
qlxauorir,0.5
8hnonxp7s,0.5
0fxxvgojh,0.5
iu9tsitmz,0.5
mi4ia0frb,0.5
0wpogbiw2,0.5
mcqbzrafs,0.5
xwgg2zi3n,0.5
au3u9fuzj,0.5
oaakandex,0.5
k0blmpjgq,0.5
ldso4w2yk,0.5
pltgoz27a,0.5
lzewvtikw,0.5
4vzfbwwfw,0.5
tx6ypnkz6,0.5
iyvk1zacz,0.5
vpjwmhjkx,0.5
uc2k8y7e5,0.5
of5a7bakc,0.5
3hdl5mslx,0.5
qjytlru2r,0.5
rt6g19xpe,0.5
vtw18bvag,0.5
r7tagayvp,0.5
oteb3fjap,0.5
3c9lcxr8o,0.5
gvzxpq84l,0.5
vjrkxzrkh,0.5
fzuck3ncf,0.5
1gzbmfmrt,0.5
hczmjaugz,0.5
ftqs4vtwu,0.5
ku5urbohd,0.5
ur07qzaq8,0.5
y4szaeqmb,0.5
qdytp3sih,0.5
xeksfhqcn,0.5
1sbcagzem,0.5
yy8va9og3,0.5
tnxjfp9py,0.5
96xgljuv5,0.5
xpnmjlwrh,0.5
6yvszsus3,0.5
qpp00szlb,0.5
ispsoyhcu,0.5
7dxkx9eqh,0.5
ze9dcjara,0.5
u5kikyzxc,0.5
mfgzfxefb,0.5
mhmndzvf9,0.5
lydyrfq5r,0.5
pts5kjjvg,0.5
gonksezxv,0.5
4xloijsqg,0.5
hjcsfpkp3,0.5
6iijd7qwb,0.5
pewpy5jpi,0.5
ze55eaext,0.5
m7qwvhxnb,0.5
1oihrmair,0.5
fbcpfnopk,0.5
4vghwfxwq,0.5
1162tkjc1,0.5
fdo71egf0,0.5
sexnp2zsn,0.5
pwtlb9uc3,0.5
vtnmlrkqr,0.5
7xvserkec,0.5
9iimqqdob,0.5
v62ffja5w,0.5
cbpfr2zay,0.5
x7ctpzgec,0.5
nwc0ifilx,0.5
7uahwuvwp,0.5
qcptkdolc,0.5
imo7flkmk,0.5
nmlqqtg5u,0.5
cidvjcf7t,0.5
qv8xzsldb,0.5
crsohqtv8,0.5
ahmhdd6qk,0.5
p3qu11b3b,0.5
6pducvmpa,0.5
5tr0amoub,0.5
iwhenkppn,0.5
52fsq6qff,0.5
pzzbwbjyz,0.5
4vbiuvr3n,0.5
xjbckjw9e,0.5
fxjjtssth,0.5
vrac7mizy,0.5
xqie8dbpa,0.5
244qt6wvk,0.5
eycr1zaga,0.5
k3tbgdkct,0.5
yq2pzyutj,0.5
uzyotgjor,0.5
poyqtuqig,0.5
fw7zjcl93,0.5
6rpslu4hj,0.5
gtg4bxdpw,0.5
0fqi0lzjf,0.5
zkkwnbgfc,0.5
dwcddpjqr,0.5
xxn5uhnew,0.5
d16zvfrlg,0.5
v05wsfrs1,0.5
xp3wd44nk,0.5
prannsbjb,0.5
q3sh0d5nc,0.5
texawzprv,0.5
1nmtaljki,0.5
5pwovvi6u,0.5
6mbbik3cn,0.5
tkoaazlw0,0.5
9dmhzvy6b,0.5
nyyxgpums,0.5
gnzuexora,0.5
cxaofo7fq,0.5
ip314ps1w,0.5
s6b0zg03z,0.5
zyaemyibm,0.5
jrsfvx9gb,0.5
5eq6pbmej,0.5
hodmki3t5,0.5
qzaesfofn,0.5
4h0y2whcm,0.5
jlyabzaeg,0.5
j8ur1aykt,0.5
xit6ytbrj,0.5
qvhilax7m,0.5
zsqloqo80,0.5
4ysdswkgd,0.5
g7gt8scyk,0.5
eswq8ghwd,0.5
clidyrpq4,0.5
tr38elxtv,0.5
7mfzduxuf,0.5
loyiujxrd,0.5
cvxvek6ih,0.5
rmawtop1t,0.5
qol0u6qox,0.5
l5yft3urz,0.5
sx1po36gm,0.5
qnw5gck8q,0.5
mykwtnndd,0.5
9olnruvvh,0.5
hs2fos24f,0.5
t0qtblctw,0.5
ibmdnkgie,0.5
3qf3qsfdx,0.5
ncmhf9y1j,0.5
b04zwqk3v,0.5
pwnwwvqvt,0.5
ucvg1fcp8,0.5
f4aonktud,0.5
si3lwb1lc,0.5
jhhmajwvm,0.5
5xmjgdglc,0.5
0wykmktco,0.5
yqsucecvk,0.5
kouac8sls,0.5
hu4kvbrbs,0.5
jjxzb2ibv,0.5
5yudekqfb,0.5
roqt3tmbi,0.5
w6ha7t0bn,0.5
gkvzesqfa,0.5
lrxj8uuig,0.5
pzyavzqod,0.5
wc3kyvnbo,0.5
xxcbx7pas,0.5
1d17dhauo,0.5
hn2vawgvu,0.5
izpauubor,0.5
citwoylf6,0.5
oxecbg9hj,0.5
tq94mblyi,0.5
t8ljwkkn2,0.5
p4fv7el05,0.5
rcuvmfimy,0.5
p00akvcf2,0.5
pmd20nttw,0.5
ay2bnbhut,0.5
pqy63ujrz,0.5
rb79eiz1e,0.5
dytzqpo3g,0.5
vzqu3ghue,0.5
8vlmppthu,0.5
oip890yrb,0.5
un1w08tup,0.5
gh8tysuli,0.5
voo7lix52,0.5
swvlagoi6,0.5
on0mjovtn,0.5
auxzbquxk,0.5
dsgxudovv,0.5
9xcg0zdij,0.5
aex8r5cop,0.5
efhpko5mk,0.5
fudsuva3t,0.5
wtxjqywzk,0.5
aw3nbsqzr,0.5
dkzvwhqn4,0.5
coedx6e76,0.5
rp2mvdqpu,0.5
omhuyynwy,0.5
d53cdmxau,0.5
wdmmgrqxw,0.5
5d5pzygln,0.5
qjtgqmazy,0.5
qprxrisc5,0.5
c426krqwj,0.5
aeststatb,0.5
jw8xi8g7o,0.5
qy3zgvene,0.5
e1e4sy0yu,0.5
zpvwqy97z,0.5
clqlr37ng,0.5
fbsd2ahhp,0.5
pdwtnj3rm,0.5
j0qeu3glg,0.5
yc1t2dpzg,0.5
ufbbteb02,0.5
bkv4xu20w,0.5
be0l8m2b2,0.5
wuqwhfbou,0.5
moxbqdb3g,0.5
oua0e7mf8,0.5
cf4ljdfgv,0.5
nmuuf84zj,0.5
xalcgycik,0.5
kvdhzazgr,0.5
glul8yiyf,0.5
sxklj6t2t,0.5
2zvid86xq,0.5
cjh95pdbw,0.5
kyjq7vnfh,0.5
nyiak8woc,0.5
9mhmamltu,0.5
fqywvubjh,0.5
kzfhmwiph,0.5
89cwabbqp,0.5
z9tl4avon,0.5
wz6iob3kr,0.5
it6ch2nzy,0.5
nbtgputc5,0.5
e5nmkgh0a,0.5
1d5hp16yh,0.5
vvjqleghk,0.5
usxlw2lmt,0.5
jzwzf9fb5,0.5
wz6alfanw,0.5
jsxcsvzcw,0.5
yubxgofzr,0.5
6bauifnmm,0.5
tkap6iotp,0.5
hqjbdlzcz,0.5
vuy5wrhol,0.5
7vqtiuujq,0.5
cquec8ux7,0.5
srtzfxpuq,0.5
oij0tl32y,0.5
vydxtwv7c,0.5
yiowzln7y,0.5
quo77ufv6,0.5
410lsiujv,0.5
ia6t2klkv,0.5
0q8ee7h5w,0.5
dvitoi4cm,0.5
akxpnicgd,0.5
qs6p3sa4e,0.5
dsfyhc8f9,0.5
b9rfhdrqh,0.5
mxp9htx6p,0.5
xyi8u9mdr,0.5
gx00wi8rk,0.5
afju99wjj,0.5
10euu2tbf,0.5
tvapg9f1k,0.5
i8lplzi6y,0.5
xvkatvgt7,0.5
x94o3ftyv,0.5
erzdumzk4,0.5
twakta3q9,0.5
lq3hklrfe,0.5
cwovpo1fz,0.5
s3dy6qnvf,0.5
h4xqvexqr,0.5
k5j6six6h,0.5
twfupflvc,0.5
fqkhifkyn,0.5
aqxio6a69,0.5
2zce6hetm,0.5
zmush9zwd,0.5
d9rmh8oun,0.5
xr67ukgjr,0.5
skskmvqdt,0.5
6fraya3qw,0.5
bv0g5rsws,0.5
uvcxngziw,0.5
v0wycqdic,0.5
n32ozp21v,0.5
7rihuahow,0.5
ahg8qccrr,0.5
zebxvlxjd,0.5
nkuayzcnk,0.5
q1beexmb2,0.5
qoeynabh7,0.5
korhaz1ur,0.5
1hs5pbmiv,0.5
0jz59wjlc,0.5
b6jgybtti,0.5
s6oyeyh7u,0.5
hreuojjy8,0.5
iv02t3k9f,0.5
uwqdrpsnv,0.5
rizrc6auc,0.5
swgf9qcde,0.5
wut0j7tzn,0.5
vyxbfcgwf,0.5
18koee94z,0.5
mrnrulesj,0.5
g384z74f5,0.5
odgv7cg3s,0.5
p9x7yqdhd,0.5
a6lqm9shc,0.5
jg7ysgtjv,0.5
8ztca2pxz,0.5
crm5gyy3e,0.5
uyelkndr3,0.5
3m674e917,0.5
m8spouueq,0.5
dfdghayor,0.5
wrcd4mvf5,0.5
two6pnzly,0.5
bsk4l8lsv,0.5
sgdasddhc,0.5
vgwjyeyul,0.5
tnf5fgpi1,0.5
6ghwpxznj,0.5
stfo2wfni,0.5
rneab9gt1,0.5
urgzbt0kh,0.5
q9vq0lpnj,0.5
scj82ygpd,0.5
m3fuxvcxm,0.5
eytycwkuy,0.5
nvbrxzefs,0.5
crrb8v6sj,0.5
z3jy0lbmg,0.5
jh8shsqbe,0.5
jo230mxgk,0.5
1rc0nf2j6,0.5
zrm4mxmrv,0.5
do745nrqg,0.5
nnpsi29vg,0.5
patfxrmvr,0.5
zelatcydw,0.5
iy9trewoo,0.5
e9gagm4rg,0.5
m772ckezp,0.5
dqnd46g8r,0.5
ioazoxdxu,0.5
wewyloasl,0.5
5mzharfdp,0.5
jyybcauuj,0.5
zpy4jy0hu,0.5
sp7d7urmd,0.5
idjkhurat,0.5
bpsntave4,0.5
vlrfpddde,0.5
dcgnplqxd,0.5
92rcky4jp,0.5
3fjolzpej,0.5
v1kfikpcs,0.5
pb6uqq7zh,0.5
mxhhdq3b7,0.5
c4pyx1xdt,0.5
pcceax2kg,0.5
qtcfxrnoc,0.5
ifshtdrqd,0.5
q5e2hn038,0.5
fqgl5cawt,0.5
zp2d56gfr,0.5
pfz9kmufb,0.5
7vobnbhsl,0.5
mtm3ekypw,0.5
imvucfzw7,0.5
us2lanlsm,0.5
83pyjgsoq,0.5
6t7obdbuq,0.5
ny54rcckz,0.5
rtbrqbjvz,0.5
fnnoekkc3,0.5
glyvb1kay,0.5
j1nbzy0hw,0.5
gbsctvf2f,0.5
zzksgrtmg,0.5
8uzxpkvpe,0.5
pjothunxp,0.5
z8oc9hl2u,0.5
qomrcc6qc,0.5
8904alxdh,0.5
7nezrphdo,0.5
ezlo3o3a0,0.5
t8tor7v8a,0.5
ek1s4oevf,0.5
tshzawusl,0.5
a9wea32uh,0.5
v7xc09zjq,0.5
evzrtyjjt,0.5
wnrvf71np,0.5
mlbqmiazz,0.5
qxg1avube,0.5
f0m3ag2dg,0.5
5w5cg1r9i,0.5
39itoj8vx,0.5
pxftyfuha,0.5
qrzju94mx,0.5
jgp4u4tol,0.5
ksq0nzvxi,0.5
r9u4apsdh,0.5
5sgo8ctuo,0.5
c6xq04yat,0.5
eunac0txx,0.5
507o2yana,0.5
0oe4ndn1y,0.5
p40mlwaca,0.5
tc5t6dl4o,0.5
5tz6qzohv,0.5
zbomc8b6x,0.5
mxxdzte4w,0.5
nkjhmlwbg,0.5
iho1qcwl5,0.5
dcvu1kjxl,0.5
ykcogryyl,0.5
iqoi8lfzq,0.5
yg1vowgdf,0.5
lxkdjohx4,0.5
glqsiin8r,0.5
lvvlsuy5f,0.5
kdqhincif,0.5
9botno2sm,0.5
ltolqgm9x,0.5
ldpzohhwn,0.5
8idn9rmux,0.5
bekjjqlbz,0.5
2qrt9gbxi,0.5
4o7wwsrqn,0.5
uav64lzlg,0.5
uzt9cazka,0.5
j6u0abwmy,0.5
y37osrkws,0.5
ebhoguub2,0.5
6xkjymyoh,0.5
rjnxmfjt2,0.5
nnjzrobcb,0.5
tag7adyzy,0.5
fjhvque5m,0.5
ov8e1dzp9,0.5
nvivuxtmo,0.5
xggkp9pxw,0.5
w7zpcefel,0.5
mvjgey5r4,0.5
12vx2kkxn,0.5
tj3vpjqwv,0.5
hgxoprn0x,0.5
qarne37ic,0.5
5hixkr3vu,0.5
pu2u5pddl,0.5
zs6ax1oil,0.5
7rssoaaj7,0.5
rlji1q5d7,0.5
bhcy0lz7q,0.5
t3bybshp6,0.5
zjlrbmclv,0.5
vufjpyp2j,0.5
wtpcmbu13,0.5
2aytilbmp,0.5
ugbg6mwoo,0.5
kvierfkpk,0.5
2p4vndfmn,0.5
d2gc7zibt,0.5
ldjoeeogs,0.5
gzhxomjeh,0.5
41f66hsqs,0.5
qpu1hweyd,0.5
g1dmrj8ft,0.5
jlj8cygpq,0.5
dprxe6sax,0.5
beg58dmiz,0.5
lorkybmsp,0.5
beex9fdo5,0.5
m6b1a99l2,0.5
uaighdyge,0.5
qp367hrl6,0.5
awnacumai,0.5
fuilkczrm,0.5
rdwwukwem,0.5
52yfvcip3,0.5
zs4eqwpg7,0.5
oe2hzdsnv,0.5
wwf5nrt8c,0.5
vjjbqddxf,0.5
aakn8giog,0.5
fbvlmqkyj,0.5
ijuygg61l,0.5
z3z2jwstx,0.5
cljauak53,0.5
utjs8xlzt,0.5
iywvejd4j,0.5
fuguubztm,0.5
cckiql3gk,0.5
7ycoytzz8,0.5
bqswshg3x,0.5
8k321vule,0.5
n7djlluis,0.5
vjrfcrlug,0.5
qcq9jbki1,0.5
1zupflvgp,0.5
6firhdhgv,0.5
54mqeywsf,0.5
p4g4g9gzw,0.5
zsrflvpyx,0.5
ucglvjdcn,0.5
awciyrcyw,0.5
wrnxyq2s7,0.5
lqc4ha0vo,0.5
dytvrcuhd,0.5
edkvjdvfu,0.5
8yprdu00y,0.5
x85kr120t,0.5
44hp7x7th,0.5
grzdlkfct,0.5
7nbk6c6ez,0.5
q8hlsn4ys,0.5
re6notqnz,0.5
45vbh4pin,0.5
rooufd39o,0.5
kmksosebp,0.5
eadkwbvmq,0.5
15n18h5bg,0.5
mz4caa9dq,0.5
cwzvjuf8d,0.5
oaxxaca0f,0.5
awpdzmltf,0.5
glrclyqiq,0.5
tu7m3ahrn,0.5
xxfr9hlf9,0.5
i4gefaqtz,0.5
u15ub1js2,0.5
uhxtnjhfh,0.5
ctq4ldezg,0.5
a1hpg63kn,0.5
57bf2m5rx,0.5
my2xgavhx,0.5
iy7e3jwyt,0.5
pxzjdepxi,0.5
lh3p7mor1,0.5
k2fdscru7,0.5
4y5fhlq56,0.5
ziyayml9a,0.5
v2fltpiew,0.5
cfsvr9ka3,0.5
p26sujiq7,0.5
awmuozjig,0.5
mngezchzw,0.5
cmpn7psxb,0.5
clda9i9s4,0.5
4tn4cujka,0.5
sjtqwmtuh,0.5
cynp7uip9,0.5
lp02kk0d1,0.5
7aqr4gltg,0.5
qdrzc1ytz,0.5
pkat6hebe,0.5
6xqye3yzn,0.5
vg41fada2,0.5
9hwre2euo,0.5
s2umxmqyb,0.5
sgi0vkbo9,0.5
mf6cbj5uc,0.5
xmem2kf8j,0.5
fyaryfzrh,0.5
t752ilcdo,0.5
mmayivmco,0.5
1a0mazmxj,0.5
xr3nfsqmd,0.5
xc8bqctnj,0.5
boiv5uniq,0.5
kdfzywkcz,0.5
r3zbhp8yt,0.5
zht0ubosz,0.5
2vddquz63,0.5
wpnalxg3q,0.5
v4j3p3zvi,0.5
tjuwldakf,0.5
gbpmu3qrk,0.5
w3ubmea9t,0.5
arf3lxnoc,0.5
rqrxxrroc,0.5
hjyow6rhk,0.5
shwjsijxa,0.5
5zdcy8esv,0.5
2xohsz9st,0.5
wbgzeuifu,0.5
shccvmjvk,0.5
csivvznhc,0.5
kqho4hyku,0.5
qbouijugg,0.5
6r7kz7brt,0.5
oap5ouqwg,0.5
udjurnxat,0.5
a6hwopqst,0.5
y2vq4afdz,0.5
fefewljjc,0.5
ygzh3v7dp,0.5
nprlutkso,0.5
biwk0aeds,0.5
at7igvsxq,0.5
fkgdlahx2,0.5
9o0n8dfud,0.5
7szxbtmqo,0.5
rmuohxz52,0.5
5wgrra54a,0.5
zzweow5o7,0.5
nolmc8ln9,0.5
86aojqvpt,0.5
rycztou1a,0.5
v8uxsu9t6,0.5
vzekhpwhj,0.5
bhhvnj2nv,0.5
t8cgwsxdu,0.5
y7iqfy6ss,0.5
gxp9ztkke,0.5
2igtdbw88,0.5
adufeitys,0.5
7k4eecttk,0.5
wpeqpxhz5,0.5
q5hs0cuhi,0.5
a8uulv5h2,0.5
ausstum4t,0.5
fzey8z8ud,0.5
irlssa6jj,0.5
5ywdr5eop,0.5
1ld62z2cz,0.5
ld20yl5ez,0.5
pgwcw76na,0.5
k60j41c3c,0.5
zgdlao2mi,0.5
pijnrjvja,0.5
kn7is2zwx,0.5
cmq239tt4,0.5
jie7vkcsx,0.5
magg4mmyi,0.5
kdfyoqhal,0.5
chmameslm,0.5
ryjulfccx,0.5
6dz2dluwf,0.5
luz1ofgvo,0.5
pq3yjjghx,0.5
dfl4vpqi6,0.5
wy98a2qxs,0.5
astwl8hop,0.5
zb50qzlr4,0.5
wbwnzjtko,0.5
id8qwknqj,0.5
nvgwngpnb,0.5
gzfamypmo,0.5
1xmq0j7yw,0.5
xusasc6bt,0.5
oggvzsa2a,0.5
zild1q6n2,0.5
jcdlyvens,0.5
ujaggmpsr,0.5
mcmutorii,0.5
cgbaxshl6,0.5
mpmx5m84l,0.5
kpl3y49af,0.5
jtxgbpjdy,0.5
qmupouwqd,0.5
t0legkqsu,0.5
ftl3pr9ji,0.5
hwgeffqoa,0.5
yxlqwunqd,0.5
qrakwpwts,0.5
pev7iepml,0.5
dw5ld3eqo,0.5
alssrtbcq,0.5
pjwksmixf,0.5
qd63ldrmv,0.5
nt1eft1ts,0.5
royj7nwj9,0.5
t3frbgrgp,0.5
zxjkverpg,0.5
und0au4mt,0.5
hlkmenl5x,0.5
jfarhzj5t,0.5
gk6dripnf,0.5
jl8l9icn8,0.5
fxwyixelj,0.5
i7te6h3zr,0.5
8g2ayddsp,0.5
w72c3waz9,0.5
m6mlowzsl,0.5
extgdnefp,0.5
qlv0ck1nu,0.5
qk06swekr,0.5
m1j3a4cwx,0.5
wzhlvqhje,0.5
rmt5cddgc,0.5
kdysxspdc,0.5
yj9zi00ky,0.5
qa8l6hkvc,0.5
acqad1hou,0.5
dcpv1mo93,0.5
pqo68gs84,0.5
i0mir0t8f,0.5
az94uap6b,0.5
0g2xv1owp,0.5
hjqk87otz,0.5
hoxew5muj,0.5
pea0yuhhu,0.5
pz3hog1sn,0.5
ixfatnvop,0.5
ouirpm6th,0.5
ar0aso3xl,0.5
ms5anl7px,0.5
hdrujtaex,0.5
kwsblxqzh,0.5
t2ph4eqqd,0.5
b7dytkhm9,0.5
0a3dtu6xd,0.5
ycgo8ruq8,0.5
0n49inbym,0.5
nknvjc6bt,0.5
nrt2enpsn,0.5
8jbuuuw5z,0.5
ajjkhgpz6,0.5
wugvyfyju,0.5
xxgnpitw6,0.5
90z7qymnh,0.5
h1dkwgsyu,0.5
2nfbgrsfr,0.5
jkxokpsw0,0.5
5zzqz7lgk,0.5
vem5eizd3,0.5
otta6anky,0.5
1aceev717,0.5
kejhm1tnb,0.5
wjteuzlfw,0.5
nqawzhotm,0.5
rvpoh1pyw,0.5
e7kkmop1n,0.5
18tijrk4p,0.5
8ktm0ugow,0.5
xbo4qtnle,0.5
jyq02ysua,0.5
87wd9kjdr,0.5
fgjcijvxc,0.5
jsd4b5ptb,0.5
rxsz6wreh,0.5
0xcbqkyzv,0.5
fd573ggpu,0.5
ohyamzpgq,0.5
00kwnamds,0.5
ygvxypcuw,0.5
25gxptcgo,0.5
cq3lcott9,0.5
uqyesxjus,0.5
eb0kwil45,0.5
tl1e0g0rj,0.5
pob2wldja,0.5
0nmjgoxpm,0.5
6lgsfdewf,0.5
okwdwyjjq,0.5
ghakhdltd,0.5
ygpuyobe3,0.5
tm0fhyfim,0.5
n4dp52bwp,0.5
gxtn097qf,0.5
wsppvegwq,0.5
99xkz3uyn,0.5
matefjryp,0.5
4pptzi17h,0.5
fpbjhfpq0,0.5
esrk2hapo,0.5
6dlcuqrhd,0.5
myuzyyjqh,0.5
bc1mvrxbc,0.5
co4g9yj7a,0.5
esir53fz7,0.5
f6wpzap9z,0.5
gtyeb8efv,0.5
0angerxgu,0.5
2zwfcukt9,0.5
truapehqq,0.5
5oznmk53m,0.5
aozzjse96,0.5
d8iqvjwkb,0.5
ae7valvwy,0.5
zzbme8old,0.5
rtsn6j69z,0.5
3hteookx0,0.5
4j6pj7mvo,0.5
1lyy6m3aw,0.5
5nqxslubl,0.5
to0n0tuyr,0.5
ij0w1qj4p,0.5
k1gobmidb,0.5
ss37g7bbu,0.5
rwzlurjmj,0.5
xypvslwzi,0.5
eyogiry8z,0.5
nncb6n8nw,0.5
gqxyezeem,0.5
yunikutux,0.5
qejftczql,0.5
gerhank0m,0.5
oiiyjad73,0.5
2hxznbk0x,0.5
udyvdsua1,0.5
lzgianpv2,0.5
el0bsguaq,0.5
4ycjng0sa,0.5
ejvabmcez,0.5
fc2ik2onx,0.5
kfjmnkjzx,0.5
fxqnq8h5n,0.5
srygblydx,0.5
cpisclbkg,0.5
dnybjemtl,0.5
jealktocq,0.5
m9oandtpn,0.5
pwodnoo9t,0.5
0pyyhqiro,0.5
xmo18etvh,0.5
yd1i3sru2,0.5
o5fhy795k,0.5
zgyxcnbjd,0.5
tvkpcyjhq,0.5
bbystwjat,0.5
iyeekoelv,0.5
afhtwiynz,0.5
vsfhxvetg,0.5
pea2sazmb,0.5
hilejigat,0.5
haobk7eiq,0.5
qssecwdon,0.5
kml0xkxjj,0.5
hitxi6n2j,0.5
et0cdkkwz,0.5
80yblxam1,0.5
ddclm9pg2,0.5
pm3mhnlke,0.5
ydmfmpggt,0.5
4a5xuwbuk,0.5
g8ifed9oq,0.5
xabpzp1jz,0.5
s37laplph,0.5
ydksmmpay,0.5
qjmys2znq,0.5
q4lxbcnnp,0.5
rrrkfolh3,0.5
ph7tszz2g,0.5
ipixkxqqx,0.5
2yyerhxia,0.5
0pi79of0q,0.5
yc6xaz4tv,0.5
tz8rnz67l,0.5
5eh2g71da,0.5
gt7cz8lae,0.5
8wjbf3i8h,0.5
hsigxtsjs,0.5
iihorj91s,0.5
1xotbzuj3,0.5
3o6ggvxam,0.5
tkxfaaapc,0.5
jojykqzrp,0.5
fe5yjmxbr,0.5
rsdjeufuu,0.5
tiv6sou1s,0.5
mp8emtfzc,0.5
bifiqfthq,0.5
vdaef5g8i,0.5
b7j1rxu03,0.5
swn4twl3y,0.5
zp1qu2nju,0.5
tczcwrohm,0.5
wtmrab0fb,0.5
efbjb9oo3,0.5
qrnpt8s78,0.5
ocy9kmcrw,0.5
eu7qp6kja,0.5
maixf9x0e,0.5
7vjojhnty,0.5
n1751gzkh,0.5
38cyotzas,0.5
ii1zzq0n0,0.5
x2emyblwf,0.5
yggxb69oy,0.5
akmdejhfk,0.5
by18bs8gf,0.5
aiuqfqb1j,0.5
lvi0exnuj,0.5
m9r7z11x4,0.5
lblqwha7x,0.5
p1fklgljf,0.5
bwy3bqipi,0.5
1ccihqxp1,0.5
jznowzaus,0.5
umuglh3nu,0.5
qeors4oic,0.5
lrhzxpyhh,0.5
16q4bpnoz,0.5
kwqsurord,0.5
7vo26dmfn,0.5
ntk9mypjl,0.5
dmvap8vgf,0.5
o2ertkrrk,0.5
uwf4bx61h,0.5
azqwhpxph,0.5
ynmj77x4x,0.5
w8wjzlci4,0.5
a3nlsqxpo,0.5
4vehakdp5,0.5
imajnlsst,0.5
rtwenwal4,0.5
q7xlbhqfn,0.5
30nvykutc,0.5
fyxsrvpsa,0.5
tnay2lp3d,0.5
qojtnbvup,0.5
tnnckkmxe,0.5
h2wtmfpav,0.5
0k9kn0h4p,0.5
scxy1xlc2,0.5
v8dvsa7nn,0.5
n7v6nzwfo,0.5
1jbxdq3je,0.5
koruxzf6o,0.5
8d89rw7xl,0.5
7p0m508wh,0.5
oewhzoo2a,0.5
mbbruokw3,0.5
muxk7ulmt,0.5
mbjhy7us3,0.5
zdehu9hu5,0.5
zhxjzawah,0.5
i7jgzpaqg,0.5
ouz9ittm6,0.5
fcq8zjsiw,0.5
e9tlbjttc,0.5
golmdljpj,0.5
ewhby6yw9,0.5
mvzsd4ohc,0.5
ub7hsyn0d,0.5
dsxl95vfy,0.5
jggs14rem,0.5
nfcurwtrb,0.5
cpghact9m,0.5
2syt0wxqp,0.5
ewsqckpdt,0.5
kyynvsry8,0.5
kijbprg3t,0.5
cgedzuf7q,0.5
e5exj8sjs,0.5
zeiegbgba,0.5
72yocewlf,0.5
pprcc5vts,0.5
cuwd4bk2z,0.5
kcb3anxqb,0.5
zlaecaj3q,0.5
4wbnqy9k6,0.5
87rmjp3u8,0.5
wvwvbgmnw,0.5
shpvf0pie,0.5
bryihqwfx,0.5
dlhejxqcy,0.5
tl7erjzwj,0.5
8szcx3n4l,0.5
2axne1t6l,0.5
ezuzmiafy,0.5
acl2sy0e5,0.5
mb1lxkd3s,0.5
q0affvj19,0.5
78gtizekb,0.5
ecezvix5y,0.5
9mwsme98o,0.5
tbwttq6en,0.5
ef1dmecvu,0.5
0frwzqrb2,0.5
ni2s2ovnr,0.5
mw7tykycm,0.5
ymesossae,0.5
jxzjb5uxh,0.5
m117borqf,0.5
xtcn7fwme,0.5
kpp8cuwn3,0.5
6jo64tmmt,0.5
2hz6gkvce,0.5
tfbzxxxcj,0.5
ou6bywf0g,0.5
5w7lysgxd,0.5
0njvehc1v,0.5
rcpwdh7dz,0.5
mdxlubyct,0.5
jssavzbbz,0.5
xhfqrr6x6,0.5
ztmlt82hs,0.5
qldzcpebd,0.5
w9wpvnhle,0.5
r8p2kxxy9,0.5
ctmnrz8ss,0.5
lmmlyssmj,0.5
qohydtsvo,0.5
9ejxub1p7,0.5
fbv5capps,0.5
lczzq30td,0.5
dbd31w2ha,0.5
p0rlqwrfr,0.5
dcpk3skh4,0.5
dtrzn1hoe,0.5
sknedytm6,0.5
tzk2gj5hw,0.5
tbr2im4tx,0.5
08joz7hjb,0.5
pcrw3gfyd,0.5
4t9drqqrz,0.5
6jkmnjvfx,0.5
16yg2wchr,0.5
vrjyjvs98,0.5
ajfyur7dc,0.5
sd4lm3cff,0.5
qlmiw7wrq,0.5
h2lqgjae2,0.5
fv5xeuugy,0.5
hgeicg3sr,0.5
9zccbhrba,0.5
behkylmu3,0.5
2ukbititb,0.5
i0ads4kl7,0.5
vkpws0dt1,0.5
bs8jd0zpb,0.5
awfjdqasb,0.5
ygwyi8yew,0.5
ieispvuqe,0.5
7vy8lvnhy,0.5
n18mqwdhn,0.5
mielqbsbi,0.5
fpfzdoap6,0.5
fngjool6x,0.5
qbwn0un6l,0.5
b4ch9jamy,0.5
7sbup9ctf,0.5
qltnbyaf4,0.5
fpacvropb,0.5
8ryddapme,0.5
rjagqjxcc,0.5
r3moh1vsa,0.5
pyqyc8ykb,0.5
5tez1jb7p,0.5
8d2n46iax,0.5
qvw6jz5wk,0.5
uqg8u2rav,0.5
eaesm92wg,0.5
3myozm4x3,0.5
npjhzjdmf,0.5
jnujaksdl,0.5
c7d9c0os8,0.5
2buwkxvd1,0.5
ak0nevrz5,0.5
s5tfhxlj2,0.5
i1dwvecc3,0.5
yzbce5wz9,0.5
sbmnpmwpq,0.5
qqcm1szmv,0.5
jmzf1qyxd,0.5
qwfmiwcpk,0.5
d7vhb6hxd,0.5
nccy9niok,0.5
gxlfg1if4,0.5
uz09seg44,0.5
pmi8qb0cb,0.5
ya3clfg6d,0.5
zsb2bprjh,0.5
ya4n4bymp,0.5
frhrwfnlo,0.5
dbirbdmia,0.5
w6yo3kwql,0.5
y2thwupka,0.5
y5kmddli0,0.5
pz3hcu7nu,0.5
fruimcuek,0.5
o5c4glfnb,0.5
n4fcb7wjx,0.5
pyajwogw6,0.5
j4zfmajtg,0.5
kzn4w0wym,0.5
vj65devss,0.5
qdpehot8l,0.5
xuhqx8ux7,0.5
qnwhnku72,0.5
z62bakqhe,0.5
ekgvkkcpd,0.5
ns5dkle3w,0.5
qb1vqatr5,0.5
u3sod2uj5,0.5
pqboxfa2h,0.5
xxbjkuhvf,0.5
nj7ljph3p,0.5
og94oonwy,0.5
c4ndtzw4m,0.5
yrtzuku6g,0.5
egbtgj7vm,0.5
kweqfro7p,0.5
gj80pcjji,0.5
vmqkyx4ue,0.5
gnpiirup5,0.5
a60rxgyr4,0.5
cgcv8svey,0.5
9cxa3s1pm,0.5
47befca0p,0.5
bviqzn0ni,0.5
bklvcuqfo,0.5
awezjegex,0.5
ctbvf1l8n,0.5
gjh4gnmk9,0.5
gtp27xtip,0.5
mntwxplre,0.5
qi47faa5a,0.5
ftlboepqv,0.5
1wdo1a5dr,0.5
9hlvnebcz,0.5
poceprg8e,0.5
kkcb8fhwg,0.5
z1ho93gjx,0.5
qoeiqxcyg,0.5
iu1z1eouf,0.5
g3to2xzgp,0.5
agcuwxm8x,0.5
c81m1eiu2,0.5
aeejkmrbw,0.5
1ltdy0xfs,0.5
viry1xpge,0.5
4mjqkgvds,0.5
d94eu8180,0.5
uwmeh1zxq,0.5
5lhgxjdq8,0.5
8luo1u8ga,0.5
ckm6s7vh8,0.5
sxzi3be37,0.5
lle3h3odr,0.5
beq0wb4kx,0.5
wcivgnne3,0.5
2sr83hhcc,0.5
0jd0striq,0.5
xhlcfeke5,0.5
hjuqesx7x,0.5
rh5ivkm3g,0.5
mdyqhvjq9,0.5
ra4dh7glg,0.5
xodhnre5s,0.5
6dso01kwf,0.5
updesqzdb,0.5
mjuerqpvu,0.5
zwtxfkd1k,0.5
pzrklfblh,0.5
aemv2qhrx,0.5
4d1elxw8h,0.5
zaenmy6d6,0.5
k0efsdnlq,0.5
pujpjvufx,0.5
hygaqtmvx,0.5
xsa82thhj,0.5
znb7kkzmn,0.5
frud1kaik,0.5
qq4yeh8bw,0.5
b5sdx2zjy,0.5
ibsfsvf2y,0.5
ltjqwf5wx,0.5
tf99wpthv,0.5
zudpicodb,0.5
xzjmg9upm,0.5
l4yuth9kz,0.5
w0qdcuxft,0.5
prx9b2ykr,0.5
vyjbinaxf,0.5
l95mpmxwi,0.5
nfespidqq,0.5
0mgmepzuh,0.5
xiuhvj2x4,0.5
6esqylo6i,0.5
t5e7vlc7h,0.5
bjklamkhs,0.5
jmwfp4eff,0.5
jkk4adu1f,0.5
1djmylz34,0.5
21aiuruss,0.5
jslxvercu,0.5
b9sqbqwc9,0.5
khppd1n4o,0.5
qhuttutyr,0.5
umhriy0nm,0.5
dpfyooxio,0.5
z04b2kzob,0.5
yfukr70yx,0.5
2pdhvo3sk,0.5
msavwz0io,0.5
hpkoq6ukq,0.5
izdc3vear,0.5
lcu5orrnh,0.5
vgrtmbv4s,0.5
qj8493fre,0.5
akgbyjmr3,0.5
5of1dubp5,0.5
hvvn0o8jj,0.5
qwquh8l7a,0.5
wyb2kbdih,0.5
tjy8osufb,0.5
cyeqlxaxt,0.5
porqit58x,0.5
i5h2piaox,0.5
zamxrtafi,0.5
j4f2yi2a0,0.5
bltagapas,0.5
t6gd665dt,0.5
pvibnyz6f,0.5
mfshqgydy,0.5
cg5lpm5yj,0.5
byzfxjtlc,0.5
yxw9nbapp,0.5
xyw2hwnu2,0.5
p4jsftm5u,0.5
dlfroccwh,0.5
4c7lire71,0.5
llsqcitp5,0.5
xzoasvlkq,0.5
i1llvjmhk,0.5
cmial7ocz,0.5
yypr2ewfo,0.5
ntdwabfoz,0.5
xyheio4ec,0.5
esvqvtoyw,0.5
kriz4wos2,0.5
s1tue9rlj,0.5
boohzjw2v,0.5
dvebbzcrt,0.5
oypofsktx,0.5
dz27gwgfv,0.5
r63aehuqk,0.5
y3q60i8wq,0.5
3pysqzjcc,0.5
ggx6hjjcn,0.5
ptfaox90i,0.5
dwdjngrux,0.5
vky08vdbi,0.5
37qne7zsp,0.5
h2sdztntg,0.5
qmzs6exdf,0.5
xfagtc1yt,0.5
lggze3omg,0.5
kmuhck4jh,0.5
itogm620s,0.5
1udtrxue4,0.5
vucmod10m,0.5
i93nv9ca8,0.5
a0lnpmz2s,0.5
7xyb6h8oq,0.5
pciiljcmr,0.5
b87mjfa1f,0.5
vgzgdynk6,0.5
c2bqrgp5u,0.5
o3lz1ik8f,0.5
ax03frlf2,0.5
1gb1bvn8b,0.5
2d1j97uvr,0.5
dqfvhwwig,0.5
nr8vtihyy,0.5
cbvfjtx8w,0.5
azaiykqhs,0.5
neufs846i,0.5
c9hyigyfv,0.5
nl24bo7tk,0.5
0m6c74mzq,0.5
y8q9ajnzx,0.5
avaoxwnzr,0.5
7pkhigcfd,0.5
mxa4dk3ar,0.5
lramm8d8i,0.5
ko8g5ufbb,0.5
uiq3nhb64,0.5
zjnxfyf0s,0.5
bw14bptng,0.5
khpnxoouo,0.5
bnhpz22wz,0.5
k1zarvie0,0.5
dlbgzrfwe,0.5
nnqdoioje,0.5
oai0j8ctc,0.5
yxy9jfz2x,0.5
tuencxktn,0.5
skicsr2fq,0.5
fdjjg2gao,0.5
n207lovqq,0.5
ehb5dhul8,0.5
y1d56jtci,0.5
8pijzmsix,0.5
0rk5qi7bd,0.5
8bfkcy44o,0.5
reuu0uq6u,0.5
mrf0d7gij,0.5
whwnpdyoj,0.5
9htvbz5be,0.5
ovhtoqqcv,0.5
rlsb5vtwu,0.5
7vpzktzkr,0.5
zmkvcspx4,0.5
ztxwctann,0.5
5dprele5n,0.5
7q8dvug9a,0.5
unlmbsslr,0.5
ipzmppfa5,0.5
zn6qdin8e,0.5
sq5ehx3zs,0.5
tapmitjtb,0.5
or2nm073z,0.5
gmzc1vub4,0.5
4xffovnlx,0.5
c5aprx5kl,0.5
lxtllf81u,0.5
akxrmbhqr,0.5
sloktmfdc,0.5
v4b4dmcay,0.5
jigcyuuvb,0.5
8t0xlkx6c,0.5
0oshjsyed,0.5
pntnogbhm,0.5
vzk7gvqdv,0.5
00256fqr5,0.5
rdafc1uoy,0.5
agl3szpcf,0.5
fozvnlqvv,0.5
du2nmob3a,0.5
zhnurlany,0.5
rwmakalvj,0.5
8yxnibbul,0.5
wfstm292m,0.5
rhw0re46n,0.5
h8osn1woo,0.5
doearxhi4,0.5
on03jkihq,0.5
6dqtg6rv8,0.5
14kvh7cng,0.5
mytl0nwja,0.5
fghpocdfz,0.5
n4wkuu4ft,0.5
pkc04wk8c,0.5
bjb0qe8cn,0.5
hqpzvcxi4,0.5
cdl9277sb,0.5
xwvx5t6xd,0.5
83egobh9y,0.5
o5dof3frc,0.5
9kqaq5rjb,0.5
wohft360h,0.5
evdnn3tyg,0.5
96hlluahd,0.5
9mvbnzqmz,0.5
odi5njaw7,0.5
ocdcjk2j4,0.5
4qjzm8rag,0.5
pc6czqurm,0.5
oilyxmy28,0.5
cssh5jbxb,0.5
n4bwn1td3,0.5
ip2qkzszu,0.5
luqmrorom,0.5
2oqjrnjsn,0.5
dxjcx9mbs,0.5
f9yopfa1k,0.5
qs2thvdgv,0.5
4s1yl40nl,0.5
rqcidupes,0.5
m6jdjbtls,0.5
trvrq9m9w,0.5
cfyqsaf0p,0.5
dftddhnyk,0.5
2os7wlpz4,0.5
zk3hfnl4s,0.5
emsmdkwbs,0.5
rwxdbonyy,0.5
9qftxhec6,0.5
gnb9fcuy8,0.5
gsmy0p0do,0.5
wgenxyxez,0.5
kygdeiili,0.5
ujohc8twa,0.5
bixz2uzrm,0.5
fkzpekdly,0.5
ct2h1wujo,0.5
uslaoeh3r,0.5
vm2dqhsea,0.5
0puqc0qef,0.5
jrzjo6jf0,0.5
vomxpswqi,0.5
5engpgi4u,0.5
wflhhhlm1,0.5
4xos8rmsp,0.5
ygthbkkdp,0.5
95hax4xy0,0.5
srok0mdnj,0.5
p4xabbnqo,0.5
4bvpnweyc,0.5
x05abtnxn,0.5
jhj0b7boc,0.5
2qgvwmx0x,0.5
jlbua8hjy,0.5
e086fslyq,0.5
hmhf6ghpa,0.5
ql3flmd6m,0.5
7yx8pfiv9,0.5
mnry3ris3,0.5
9vur6dgor,0.5
pr9gmcrl1,0.5
lakq91wse,0.5
jdq9d0qti,0.5
sp26no4cc,0.5
ppzbzd89u,0.5
kzmoun0ds,0.5
8g5st05t8,0.5
5uhyeagn1,0.5
zdz7mdp3f,0.5
7o80tj2gv,0.5
rkp2hoxvt,0.5
j5ljf9nlu,0.5
n1bnlifxr,0.5
qkn8ut9dg,0.5
swjaxwspc,0.5
caje0ljll,0.5
uyyrs5hh6,0.5
qsmgdygg7,0.5
k1gv1gdzy,0.5
yvvkfkvog,0.5
m5gmc3gsr,0.5
hezeyihgt,0.5
eg15316h3,0.5
wwdlhreas,0.5
ip0cd7i9o,0.5
1vmvwqeoa,0.5
mpjariyv8,0.5
ky5uskt1t,0.5
rzfco63vn,0.5
bumohmecr,0.5
zeann4zkw,0.5
9jzitvkyt,0.5
nwlpruxgk,0.5
z942ta2kh,0.5
rc8ig25lc,0.5
mqooakd6d,0.5
czmqvbs6a,0.5
4ur5lqeqb,0.5
kj2fmlp1p,0.5
x5reynvxi,0.5
elictbl5r,0.5
rm9d3i0y4,0.5
5tfwnbm5a,0.5
as8waw4uw,0.5
ry0athk3g,0.5
ejlmhzx3j,0.5
xfxwqf3ta,0.5
1dnzsvtrl,0.5
3mfvdfxdf,0.5
f3gi14pxk,0.5
sunhxabdp,0.5
es9bmavkc,0.5
5xgmccaob,0.5
hle5mhadn,0.5
scqsgkbci,0.5
ach4q1ncf,0.5
y7iekdwxy,0.5
063j9zive,0.5
9vbzfit2w,0.5
dfh0tz7ck,0.5
iioy1abzn,0.5
koz3anrwo,0.5
uhmadvjb4,0.5
6d7ua4ffz,0.5
bu860w2sq,0.5
bj49fwtki,0.5
j86il2qwu,0.5
5sgl9zmg3,0.5
hvi57ezts,0.5
hgsxwrxj5,0.5
ce1buevjf,0.5
wk7tluhmp,0.5
adoalzvi8,0.5
yizokq6wj,0.5
wbqwoh6gs,0.5
xjevj68qz,0.5
r4uakobv2,0.5
rsivmc3gi,0.5
gkogqthgh,0.5
bxrrt1o5m,0.5
umrpjdyxy,0.5
dvoaz9orv,0.5
xm7k9dav5,0.5
w4lnuu0c9,0.5
fuf5d9m1t,0.5
oslqvmcqb,0.5
bebsve2ul,0.5
vrdne58z2,0.5
jj0jfoo5m,0.5
xlqnyjj3l,0.5
bvqjfk7yj,0.5
kxxsizwoc,0.5
4gbumzkme,0.5
sf2ogfy62,0.5
recqfnuqy,0.5
8kevvrpns,0.5
bxncz34hz,0.5
an1bjnto5,0.5
pbbdwwelh,0.5
zjjnbcli2,0.5
lsmzimxsa,0.5
mvmy19trp,0.5
8x5nhyljk,0.5
04wb4p1cz,0.5
ju1knwgwd,0.5
decpsm8dy,0.5
wed8gxnyt,0.5
46rrwaimf,0.5
h9vb0awhl,0.5
wm0tsw85h,0.5
j99jaambx,0.5
t6qcq5dis,0.5
qblkicnip,0.5
qh9st1w00,0.5
oyq7xagyk,0.5
q6xzavaht,0.5
j0me680k0,0.5
e95nxk2ju,0.5
matrch4vp,0.5
gkpfqso37,0.5
coabuvjqf,0.5
crxaubq02,0.5
nsvuebodk,0.5
1arija97l,0.5
ecqdsian6,0.5
tvmehlwf1,0.5
wlyklwq4e,0.5
7e9slge3y,0.5
kvymjwgrp,0.5
jv8ezez4v,0.5
sgqhbsnb0,0.5
zv5tpretw,0.5
lmkg8diit,0.5
n237rglrz,0.5
xeswd3xjw,0.5
hsasatydh,0.5
8ymat3nla,0.5
c4ewzyz8e,0.5
acp7edfya,0.5
wx2r8o5ik,0.5
avr9q3grg,0.5
bd47ply3a,0.5
yzupo5i97,0.5
816lvwv9x,0.5
bha0dhjhr,0.5
c7nztauku,0.5
guyp2rekl,0.5
dktl3hwyr,0.5
a2xscm1ym,0.5
ekjufww9k,0.5
29x6f75ik,0.5
pwihegwqk,0.5
un6bitzmg,0.5
vaaz2ybks,0.5
c6gyfz9ns,0.5
p1bbxfqeq,0.5
vysbaeajp,0.5
gpfvxr0sp,0.5
jfgzp4sh8,0.5
anmia45gk,0.5
4rj2d7pci,0.5
q9xhmmcyl,0.5
klrw5eqd5,0.5
xujqizuw3,0.5
ulvbcioya,0.5
nfuh61gtc,0.5
tscbr4v49,0.5
ccxkca1pl,0.5
rbdwc7akg,0.5
veqtrszcv,0.5
blknv93w6,0.5
esr0zynlx,0.5
00dg8czme,0.5
i9duu27bb,0.5
cb5u6teu9,0.5
yaganaugl,0.5
9evo19zwk,0.5
jnqvyz15v,0.5
q042gwlq5,0.5
xw9mdbaxo,0.5
qo0y8jie9,0.5
vh8e2mcov,0.5
wnskqfxb4,0.5
etedgzw2w,0.5
dudim7ure,0.5
wcdennjds,0.5
wfgnn5meu,0.5
pbxsyz7d6,0.5
cakf8gryj,0.5
f4e3xbccd,0.5
wrkqyxjph,0.5
ozq6eigpi,0.5
tmnsbzxps,0.5
kt6chdfya,0.5
pisvgjud0,0.5
zvffcgqfo,0.5
lxj2y5qyv,0.5
u4xjsx8hq,0.5
k6rgtq8iy,0.5
devmqw9fb,0.5
cauzt12xd,0.5
ft4drqnmh,0.5
qefeoclq8,0.5
cmdpj6dvb,0.5
ex0ylqjog,0.5
wks6tr87s,0.5
curpq0uzj,0.5
esb0x7o6o,0.5
xahuoqntb,0.5
e1luygbep,0.5
snoccx4nr,0.5
tbwfzjvpp,0.5
u4upswayx,0.5
v1qyq7uid,0.5
izbimbplb,0.5
ske0xvfak,0.5
hpluvvf5d,0.5
hq18m9fej,0.5
q8isicja0,0.5
zp4x88lkq,0.5
pivdfeof8,0.5
8jmwwmssz,0.5
timfxpylx,0.5
5hwytyssd,0.5
glp1lkmf5,0.5
umnkyninv,0.5
n3wmn4kop,0.5
jhjc7fs6q,0.5
sxir1xsvr,0.5
mfde9jghj,0.5
bjakzykpl,0.5
yjsgzyrzq,0.5
yvzpb29sg,0.5
dlxtiqjqq,0.5
fdlx2l8go,0.5
nbpqrtglt,0.5
8ta6oe7tk,0.5
80vdryvsy,0.5
zvybnjbp1,0.5
nlryhjpig,0.5
2saf9kxe3,0.5
slvn5wcey,0.5
hkbvag1ld,0.5
7nfpjkvnj,0.5
g57jgnmqb,0.5
zhfpwowtu,0.5
ipscxjuxn,0.5
ivxweuzfv,0.5
e0udctaxg,0.5
tnzeryy6j,0.5
ygcgp8vxv,0.5
d81iszewy,0.5
pszwmcywa,0.5
4gyx0tcj6,0.5
6llxa2niv,0.5
9uccsahpt,0.5
bvwb0pr1f,0.5
ifo0m27mn,0.5
berbbnxqe,0.5
masebmj5z,0.5
cdvj409ot,0.5
aovgp0j6e,0.5
kfcemqrj8,0.5
ghab8t4pr,0.5
hciumxtes,0.5
gcxy1bsje,0.5
iq9lclumi,0.5
d2yjvd66j,0.5
cnfbk1r8n,0.5
sxqnbyekg,0.5
g55cgkqhv,0.5
2oluxfjwu,0.5
2sopn5bji,0.5
b35lfwo29,0.5
qdkzlllnn,0.5
tyk9qud8s,0.5
qsrteinij,0.5
fqvfstjdb,0.5
tkmgohghv,0.5
16typfmnc,0.5
efbyowals,0.5
r5blfphho,0.5
xs235ljf6,0.5
fbvvvkqv8,0.5
6k3gvtze6,0.5
brrqnscyk,0.5
auna6wke6,0.5
lfhzyldwz,0.5
frhfdbov6,0.5
xegduinop,0.5
5t458xrah,0.5
14z3vuqrh,0.5
obdsxlwuf,0.5
l80ubjiht,0.5
kt1k746fv,0.5
hzvnec4n6,0.5
eqsgihrw2,0.5
0k2euag7r,0.5
vrxdxyi9l,0.5
dzreroepj,0.5
covtuosmi,0.5
cr1llelu2,0.5
2fddgnw3m,0.5
prvmis5dh,0.5
xkh5cknko,0.5
jq2sscwhy,0.5
gva9zfvbi,0.5
sr5ckcdln,0.5
4xrfrk1lh,0.5
5wqhstxm5,0.5
2pvbmqvvo,0.5
upsbbskka,0.5
drongbtn7,0.5
jwiesvoso,0.5
8np6kczb5,0.5
zhudlcfp6,0.5
8juu9axhh,0.5
vdknun6ic,0.5
3dhz1jytc,0.5
u1udidk5r,0.5
jomnzg9x7,0.5
sorrphe1f,0.5
8kpiooq1e,0.5
ugosb4r1q,0.5
cescypdrf,0.5
mwc2dhnov,0.5
hy9ni4luu,0.5
0eqbyze5i,0.5
zj7yctkpb,0.5
l0cauf0dm,0.5
cluwaw3ds,0.5
ce0aeiaw8,0.5
xl3avvrdt,0.5
hvmocv63a,0.5
xxmwaejbc,0.5
gjthnqtgd,0.5
thdrkgvw5,0.5
ihoshbrwx,0.5
zgr5or5s5,0.5
ef2clcdx9,0.5
kpxnv8j8l,0.5
117uu5inu,0.5
9zdu0jt51,0.5
a5f3b84t2,0.5
rlpdrszr6,0.5
aynwz9n31,0.5
ektcysnnk,0.5
iu3i8s1t2,0.5
2gpzkgq1u,0.5
zrdh7xc2q,0.5
ia5e37hsi,0.5
ridns2h4a,0.5
xk5dvu0jt,0.5
8oochdr5k,0.5
jkb5jluww,0.5
a2qe2a7cr,0.5
1vos7kij8,0.5
9ih5cdmvt,0.5
gzyaya1ge,0.5
koq2gkc5z,0.5
twcmbigl3,0.5
ukdzz6ahz,0.5
imnt52m37,0.5
601ba8dia,0.5
3giuaai6r,0.5
dao2l1iaz,0.5
mtkjvttph,0.5
e6kg8hy3r,0.5
7cyjo4vnb,0.5
phgrdr4nz,0.5
eiencrfwz,0.5
szwixgpv0,0.5
wmlbfwu8n,0.5
h4ucj2mhf,0.5
wjaxjqgvx,0.5
hnnrboyh9,0.5
xuzkfwlbm,0.5
i5zq0olub,0.5
4cyzmvlsx,0.5
okywbhhsj,0.5
pxdieyked,0.5
jhmpqy8yx,0.5
yajsly5hr,0.5
8mqkqelmv,0.5
qygdp1n03,0.5
pz8hlqtlb,0.5
hcaqahjel,0.5
laj41fqga,0.5
tvy6vj9a9,0.5
1nlfixkb8,0.5
cc78ubsye,0.5
xsk3opxpu,0.5
8tlgknibq,0.5
hxbbrekvu,0.5
hudrkwswe,0.5
3ywcfrb88,0.5
jtntxm4yi,0.5
brkkghfio,0.5
rdxsviqqk,0.5
285bpnxrf,0.5
yhqqq9s2f,0.5
1v0sjnabz,0.5
mftbwmmio,0.5
ojponcphs,0.5
zjgwgdugy,0.5
as277lnlz,0.5
oc7o8n9uf,0.5
j5ouq6nds,0.5
0ddabvwoa,0.5
mfoij82qs,0.5
mx4pgjjmg,0.5
1odmalt37,0.5
ep8guqecj,0.5
4ddbzindq,0.5
yjgifc4vq,0.5
avjggummj,0.5
el8t9s3b5,0.5
cdk3muz9g,0.5
fw5kqvglp,0.5
hzsowgebr,0.5
ojbvtbajx,0.5
qhsewlbnz,0.5
dt9egghc3,0.5
fuvcja2aj,0.5
tsjwo6xml,0.5
pok0kmsuk,0.5
dmdrps6jz,0.5
fb7bdyz1e,0.5
t1mzuyib3,0.5
pxqn6fywv,0.5
8it6jpn2e,0.5
e2cmhdqdz,0.5
vynnsu6na,0.5
jifvkj7ol,0.5
melc6y3mp,0.5
1zeeqmvum,0.5
ualztyexu,0.5
vxe7grbaz,0.5
vrpowfjoo,0.5
ezsoszeew,0.5
kz4rptash,0.5
whicvplaq,0.5
9fbts2nn4,0.5
mwkyggoap,0.5
d0pize0iy,0.5
v2iizqijr,0.5
a8lhiff3n,0.5
kceeiaww8,0.5
cx5oavni5,0.5
44inwtw5m,0.5
d8ubwo54e,0.5
ynkwgpmdb,0.5
nfthouhzl,0.5
ghyalhywv,0.5
spjdf3fsy,0.5
fanzii2dw,0.5
rbb4ukxtx,0.5
ffiw6n7jb,0.5
9ziu9snqf,0.5
se0wzrxqq,0.5
cgc1g46ld,0.5
bxs5tvwmt,0.5
uydntwkhp,0.5
zikbso4zu,0.5
kze5tbr2r,0.5
g3lmoj59r,0.5
zwmwyisdo,0.5
c6l77qffe,0.5
t8txajaga,0.5
uiq84ov8j,0.5
jkjnj4jw3,0.5
uq2wxew24,0.5
xsmlxnzq2,0.5
gsnfilg0r,0.5
xwe9z5zor,0.5
kn6xenow1,0.5
ie81xetpr,0.5
gcvg9jjpu,0.5
xcirdku89,0.5
y47s4tps9,0.5
vrvgichep,0.5
nx8aypugt,0.5
t7lustsom,0.5
fzgkk2gm3,0.5
7ixrlw11u,0.5
twzd5zgw7,0.5
dkdjwp46v,0.5
k3oo981et,0.5
hvstgbjtp,0.5
o7gp2nosw,0.5
tdqlktbst,0.5
mxyzkacpe,0.5
8kjzbr2gs,0.5
mpeinve6f,0.5
42fzukher,0.5
0jlzrgfjw,0.5
gyvcsy71w,0.5
b6yvsefqq,0.5
lyf5mznxq,0.5
z1p588sql,0.5
kiuxdrjpz,0.5
sr9iblbv1,0.5
vpnk1gzgy,0.5
5i9stdcte,0.5
hwt4s2spa,0.5
hvaimqfjx,0.5
vha6dfkq7,0.5
kpichgwmz,0.5
mglzrutzg,0.5
j84psu2cf,0.5
uy72a7o69,0.5
dvbyjtzoh,0.5
hkwohpbod,0.5
hk7d4ynef,0.5
oxub3ljkx,0.5
7frgtwfjz,0.5
nrke3bepc,0.5
d3uldtq6n,0.5
gv18bitf8,0.5
1wuhc7yoz,0.5
yrrs0bgwo,0.5
evjn04l5a,0.5
1fapnqa0l,0.5
qcxlomrij,0.5
zctesqgnn,0.5
7cmn1xxbz,0.5
gtij5bzgf,0.5
ly7pvgqcr,0.5
vjlr3yy6s,0.5
wfil2vpas,0.5
gidm88jvo,0.5
zp9zesyhw,0.5
7ke9vzany,0.5
puadulzfd,0.5
qxmanugdj,0.5
ycgirq0x0,0.5
bklzjo09y,0.5
4rkhdlqum,0.5
k8b1ustns,0.5
f6o3s0oui,0.5
7iyks9vyy,0.5
pimayrset,0.5
6uslmh9m6,0.5
vwanst8yf,0.5
uny5gmwxo,0.5
jcezdmb5o,0.5
zfplc65ii,0.5
vpkmibvsv,0.5
gecbprrgz,0.5
rrkefhwh2,0.5
juhqztmfv,0.5
eamyumrqi,0.5
bztabthfw,0.5
3m7wbaxet,0.5
rlhe16hhc,0.5
cxgitztlt,0.5
5idqdolq6,0.5
gyuwz64zk,0.5
isgqemxes,0.5
gbeu3lekj,0.5
up725fnol,0.5
jskfbgxkw,0.5
cm8ikkjpf,0.5
bhl1kzoed,0.5
rz6ybs7dq,0.5
luqwcyjr2,0.5
vddp7wshf,0.5
2hr3cvajx,0.5
brxxohvan,0.5
2oiogk2op,0.5
olcsq90aw,0.5
uths2np1c,0.5
yjulukwjb,0.5
sq8i9nayo,0.5
jwxeyttqw,0.5
xowdhnsnx,0.5
tynt6jbfp,0.5
27gs17ljj,0.5
ktkcex0ux,0.5
gbbdhdhdy,0.5
ydjdk0w8h,0.5
agh9ooyqk,0.5
j8c4cfc1g,0.5
isychsrvi,0.5
0ipapf0rs,0.5
xuouahbph,0.5
o0hrgj9ra,0.5
yczoylmnj,0.5
zaavhgcnd,0.5
jbr5k2pxv,0.5
udlspx6mi,0.5
rqv5uh1zk,0.5
aclokm0ri,0.5
9gnye6xks,0.5
vhmu6ptsd,0.5
0d39etpf7,0.5
xpkgkvwxo,0.5
xo628ozjo,0.5
oyhjwvjvl,0.5
rw3icvj7l,0.5
ic5fsqb36,0.5
wb4bsbrhz,0.5
iqmzyyj2o,0.5
f1vbfi7cg,0.5
m5rudtsjd,0.5
9gh8n1vnp,0.5
lbikfpbxi,0.5
4tuz2swnn,0.5
tgczfiwg3,0.5
ihi2e8hyb,0.5
gfylucvpx,0.5
g15heokbx,0.5
2owtj8ngk,0.5
vwht1mrkp,0.5
vqaokkjzz,0.5
sr14gr7pf,0.5
yygskkhpf,0.5
c6gffkwbf,0.5
rqkizfmnz,0.5
cvhrlukos,0.5
jnwnj7aap,0.5
igffmhuql,0.5
n990dkxhu,0.5
wypq1i6v9,0.5
qyiigacjb,0.5
aokauxwcc,0.5
sphbdppzz,0.5
0jmhcffvr,0.5
sfiubedoy,0.5
oufffno3d,0.5
ixxwslhjh,0.5
vvlis5tkj,0.5
4imal92xk,0.5
dvzl8p9bf,0.5
dnrks2b00,0.5
047f11evb,0.5
7unviwgrm,0.5
8anfvlujr,0.5
mb2h74jzt,0.5
xmlcnrzso,0.5
xgaz79lku,0.5
7gwoskbct,0.5
tqipzehho,0.5
epddeekvt,0.5
ytagsach1,0.5
oez8mt2vs,0.5
8w3noudok,0.5
pxe89vlx4,0.5
9altuha8h,0.5
ow2gi7lia,0.5
szbu2fljy,0.5
3f2qa8tnl,0.5
vj8d1tcib,0.5
zvunaytkh,0.5
bdvbuak23,0.5
e7y0prver,0.5
gs4kivb9i,0.5
bt5wajayb,0.5
wimupppuf,0.5
i7t5xufix,0.5
msmkskv2o,0.5
dltd83aux,0.5
ht61kch4i,0.5
wcfuasega,0.5
btz2rrt3t,0.5
zz7tepph5,0.5
lghoxquqx,0.5
qo5bw7njy,0.5
y7fduluuc,0.5
qrp9dxym1,0.5
n7x9igjhn,0.5
144xxkczw,0.5
qetgqqdzb,0.5
v6hth21bk,0.5
ivgmhkf4t,0.5
wjkpujxwv,0.5
5skcymr6u,0.5
ojrubvsmy,0.5
gifz0dd3o,0.5
sycnnvrfw,0.5
eo5dqt3sk,0.5
tofvdjfdq,0.5
dyogvf1oa,0.5
kmu6zdulm,0.5
bixhbhpcg,0.5
dwqrqbsjm,0.5
u9i5zyuii,0.5
h2pkynajj,0.5
nhaady8kz,0.5
awpivdtnl,0.5
fptp0i1ae,0.5
nqn94tfd3,0.5
5pxelcj7g,0.5
ydspl36tu,0.5
lwasi10ey,0.5
46eg89cvo,0.5
7y766wmgy,0.5
vtn1swu5d,0.5
z44ouuvr5,0.5
evnremj75,0.5
4wlp1affy,0.5
0xeq4penz,0.5
jaju4ydjn,0.5
up1seh4ab,0.5
dnbr7frnb,0.5
lgoeliz5w,0.5
zzbeh6ptp,0.5
zqmzymgbt,0.5
mpnigxjkk,0.5
aaoauriwx,0.5
xroak4sg9,0.5
aua45eqj1,0.5
2cejjmzsd,0.5
9jkra6j5v,0.5
jxykcaazy,0.5
gfn8ak08c,0.5
v6uwpvpo0,0.5
drwktguxj,0.5
zrv84gvks,0.5
joie3entd,0.5
7dvhwgdkg,0.5
zdiihdesm,0.5
ozvjufomw,0.5
ueltetbha,0.5
sunh4wtmx,0.5
eucebe9zx,0.5
wzfkotvmw,0.5
lcmmtbnwa,0.5
dmykadbk9,0.5
ht1dclzmf,0.5
jxihwf6lg,0.5
1no0e0jgk,0.5
fgadujltb,0.5
7qfxamtgc,0.5
3u6hnwslx,0.5
gmc32jkd2,0.5
4gi1qjbzm,0.5
xjfyximxn,0.5
6vhkinubm,0.5
soxtwfkjr,0.5
9zupahuyf,0.5
knsb3wmjg,0.5
olhhtzvi6,0.5
qiqgiofqc,0.5
wfwe2ubix,0.5
wbq5bhowu,0.5
0ybqyyozx,0.5
3jkjucuwg,0.5
b8oh0ao2l,0.5
otxph10mw,0.5
blrz9q8kc,0.5
bm2d4jiou,0.5
ri5uyyslx,0.5
xp8cwy63l,0.5
dcy5y2lz4,0.5
fawfewpnd,0.5
7rrbdt4ni,0.5
66gpcdtc5,0.5
fpw9aawyu,0.5
g01nck4am,0.5
mtcuzifuu,0.5
xs2abyp3s,0.5
kseawypgu,0.5
5sjxojw78,0.5
aruts6eb6,0.5
hxubj4roi,0.5
tupcebldx,0.5
rskhmn2kn,0.5
idta0bt4p,0.5
evkrqewik,0.5
am7aursar,0.5
bb1s4ea16,0.5
n3lpgnqt4,0.5
7bwdmqxmb,0.5
jtogi7ykm,0.5
znhjoaunh,0.5
peoxgbhjb,0.5
lqd6aumzr,0.5
787qpyigr,0.5
ku0nzcjg6,0.5
ifdg1sqiy,0.5
okwrfvwl3,0.5
ql3cge2np,0.5
uip1kxbhq,0.5
tq37rxbeq,0.5
eviun98hi,0.5
gosqpwrvr,0.5
lrnmbfrxi,0.5
of7l0bpti,0.5
xuzxtepwx,0.5
82zgso7p2,0.5
lcfu027q4,0.5
x5ltrob7i,0.5
cieiboumc,0.5
u2jl5yzwa,0.5
divtyvymt,0.5
cka5hazyo,0.5
tih5mrtjz,0.5
1iljyo3vm,0.5
hovpp6zdc,0.5
tt535dalz,0.5
a1q2raaqu,0.5
wkeaonyu4,0.5
apfcd6yn0,0.5
g6fxri6ai,0.5
50ul0vpqm,0.5
k7urr79e9,0.5
cpj7mowfz,0.5
nenvtyjmv,0.5
0fi0e2hdc,0.5
tidjygbah,0.5
0sp6eb9pa,0.5
ayzczmm4a,0.5
vtgoqhmyd,0.5
73erh7tal,0.5
jzqv82rvl,0.5
1xwvszzq0,0.5
ukaay1wt4,0.5
fwzhlcwzj,0.5
eacowv25m,0.5
lyruyxk2r,0.5
mojwcomrt,0.5
g2issxjvb,0.5
eirfabzkk,0.5
iytgjqzp9,0.5
0bamq8f4u,0.5
vwohjo4gt,0.5
y1xp68vjk,0.5
skbze5xzi,0.5
gtrrt0rlm,0.5
vuyctlhjy,0.5
n4oe0df1i,0.5
umclwfk6v,0.5
g5cnqeiq0,0.5
xb0li2wi8,0.5
7wru5iry8,0.5
w2uqyuehr,0.5
rxbm13uqf,0.5
bodvvrcoq,0.5
zmb0hjidj,0.5
ep94w8kmx,0.5
dydnplevd,0.5
b9gwmml4x,0.5
tv8mekaj9,0.5
ksogd1om5,0.5
uwgfnocpc,0.5
stzxybtqd,0.5
a5l6ne1h8,0.5
vinkll0id,0.5
w6ppwwkpq,0.5
grctqiqnx,0.5
odjaepbnj,0.5
dydvmqju8,0.5
mzxi3xpob,0.5
ivhqpi53h,0.5
3yv9xhvxn,0.5
hx3qr7erw,0.5
urmbw5g4m,0.5
p7rt1bk3b,0.5
isfoknfwl,0.5
zjouuisva,0.5
gwbhicqsy,0.5
owxjlhvcx,0.5
c9fnajrhd,0.5
q5rxr8ouv,0.5
xh67of4tx,0.5
tczmducn6,0.5
fornsqyvd,0.5
zynjqp2xt,0.5
sitnq1yye,0.5
o74o0fcmu,0.5
co35mhlil,0.5
u2m3x8yuk,0.5
ifucxmujw,0.5
ot8k4aqxj,0.5
fhp13f1ex,0.5
edliyskhd,0.5
nswn01xzz,0.5
dsplfj4pg,0.5
iqqf9qvct,0.5
hc8h8ipr0,0.5
fmw7vxtpw,0.5
t6nfoxuwe,0.5
p3ym28sfm,0.5
lvbtikeen,0.5
bgieesls7,0.5
qjzr9g1gd,0.5
3ddy4a6yx,0.5
bxt4qd46h,0.5
xjvbyz8cl,0.5
wjhsvvpn9,0.5
gm6lsca8l,0.5
23bvn28sm,0.5
fotfimdhr,0.5
8fi9bmfsu,0.5
u3qavnzo9,0.5
gvjybm14e,0.5
9pyssina3,0.5
rk1ilqjxb,0.5
gjtceahoz,0.5
rdagmxa6g,0.5
hxj6opckl,0.5
jnsvo15qi,0.5
i7nggv4yl,0.5
uhwg3cz7g,0.5
ywqtcthbm,0.5
uxx7kiff6,0.5
krnwxshld,0.5
o45e6wfoi,0.5
tzkuseqwl,0.5
djmszcatt,0.5
crguosb53,0.5
vqyqj1olv,0.5
nqg0ncjbw,0.5
7zk7xtqea,0.5
nnfovj1fr,0.5
fpi1dekwu,0.5
xxms3snpy,0.5
zviocpk8i,0.5
fbmiagfkv,0.5
lcevheti9,0.5
6ktkzkmfe,0.5
2fzdbx1jk,0.5
jfyalvcib,0.5
r6bljicc9,0.5
mhq4ckgul,0.5
utqhjzho9,0.5
8wseh3ynx,0.5
ne7bkljyg,0.5
xevzkbzro,0.5
omztoydfk,0.5
koqcdrno5,0.5
eukfwx8dk,0.5
r87gw0ivy,0.5
uz5gfpiiz,0.5
tn0t5q2zo,0.5
nlrfhzcdy,0.5
7oxbft9kc,0.5
2nniu4k4q,0.5
dcvdw0nhb,0.5
1itesslyw,0.5
oop0lbbpo,0.5
1aij2jwlu,0.5
efuy6pwfs,0.5
chqdoqj6e,0.5
cyf9pxb0f,0.5
mqdzx52qb,0.5
bjrkrdgwe,0.5
aylvf8rpv,0.5
2wauvj0so,0.5
thpcza0su,0.5
cn3rluqc8,0.5
vjurjylvg,0.5
r96yeys5q,0.5
zivxofek9,0.5
ymelnj3id,0.5
khjhwyckb,0.5
ed1zdxnbm,0.5
u0skzalvr,0.5
kdiquigah,0.5
lito7sasi,0.5
yaszkbghm,0.5
fwujrpqwt,0.5
escj1gxc0,0.5
2nw3ltptl,0.5
uz5ykfmo7,0.5
gww9hrwzy,0.5
mfujcmtie,0.5
e15jec2gm,0.5
bejsrahjj,0.5
ynfpzelxz,0.5
76iolglim,0.5
rpimp8pcz,0.5
gogtnacwn,0.5
vbxvootyf,0.5
jlswdcire,0.5
udvg5edgi,0.5
slglicufi,0.5
m9ogzwey6,0.5
4villmj04,0.5
bh6cvgkcj,0.5
8kfcfw6sz,0.5
mbo1j8gow,0.5
zcbnni3gp,0.5
bt0e5o4ad,0.5
pn2j6xc5p,0.5
yy7o1dzuw,0.5
vvlk9rjga,0.5
qx2jvdzzq,0.5
b4bm6kzl4,0.5
7bgsq00f9,0.5
q4zwdzcsg,0.5
n9uezwtmj,0.5
3qaxk9fm8,0.5
nhnwjibfc,0.5
kclk66k6k,0.5
l7sg8u5rg,0.5
0volr4glb,0.5
lhab20wti,0.5
q6rtxxla3,0.5
txeilgjgc,0.5
nohxspotb,0.5
f5ydyjytt,0.5
nll9wch8k,0.5
hwgz6q74o,0.5
xeug8v9bz,0.5
kutlghhn6,0.5
16de1eieb,0.5
bjnkvndi3,0.5
w3x9barxf,0.5
yw6osg2b0,0.5
dq4rg627b,0.5
iakraa8ij,0.5
4b0bjekzm,0.5
ryd2eixe8,0.5
tzvrd4ymm,0.5
pgvgnkuhc,0.5
jgn6eyfem,0.5
znfklftyj,0.5
wqqtsuqzz,0.5
i7isjli0s,0.5
uf1zewfxi,0.5
y703yksid,0.5
luidugup1,0.5
xp2lfo8oc,0.5
8skdv9jrr,0.5
pa4zmkgai,0.5
ur4fm61q4,0.5
1vpkq3nbz,0.5
m42ihzxxq,0.5
g73tsodg5,0.5
1buxkpdzh,0.5
chubztbvo,0.5
awepifmpy,0.5
bnbq96jfx,0.5
pfiwlwlm5,0.5
2vjcuauvh,0.5
w0apcfoaz,0.5
gkci20oji,0.5
zgsqrkd6x,0.5
hohgivg4z,0.5
k7mynjzlj,0.5
hltynkuaq,0.5
13ijiw8ik,0.5
9kdwiq3px,0.5
tph5vdqs6,0.5
ybfievxjn,0.5
lz54vshma,0.5
dlc80iaob,0.5
xticcdsge,0.5
quuepcz03,0.5
kjvqngcyc,0.5
oqxteie6o,0.5
s4auhcn2q,0.5
tpyqpttdv,0.5
ewztbqtqp,0.5
w2llhdhye,0.5
ofyfvqybt,0.5
5qye69zu4,0.5
ce4anksbj,0.5
fyrslsdst,0.5
8tzkq9e0c,0.5
8ckitbliv,0.5
fe9ywwiy3,0.5
w6xpzg909,0.5
hvyp2rksx,0.5
cwshzcr8h,0.5
8jj7pdkgt,0.5
2ycwohtqk,0.5
t5fsezfdy,0.5
phx6d0g69,0.5
xatvzoqmd,0.5
z4nu4p0px,0.5
neoypc9fw,0.5
t1gjk3rem,0.5
m0m8wrwkk,0.5
qca0b3idd,0.5
ywvfwfhee,0.5
baflhtyu9,0.5
br67yiirl,0.5
qcsh0hiqq,0.5
o83cdc35x,0.5
q1tzhtgj0,0.5
vx1lpzark,0.5
y9sugbhm8,0.5
dsd1yixzk,0.5
vmyopn0mu,0.5
sveiueszw,0.5
